Year,Month,Day,Home,Away,Hscore,Ascore,Outcome,HFGMade,HFGAtt,H3ptMade,H3ptAtt,HFTMade,HFTAtt,HOBoard,HDBoard,Hassist,Hsteal,Hblock,Hturnover,HPF,Aoutcome,AFGMade,AFGAtt,A3ptMade,A3ptAtt,AFTMade,AFTAtt,AOBoard,ADBoard,Aassist,Asteal,Ablock,Aturnover,APF,Bubble
2018,10,17,CHO,MIL,112,113,0,41,92,16,38,14,22,9,32,21,8,9,11,19,1,42,85,14,34,15,20,11,46,26,5,4,21,25,0
2018,10,17,DET,BRK,103,100,1,39,92,6,24,19,22,14,32,21,5,5,14,20,0,40,82,5,27,15,22,5,34,28,9,5,17,23,0
2018,10,17,IND,MEM,111,83,1,47,83,10,26,7,13,13,44,29,2,7,20,24,0,25,84,10,29,23,28,7,21,16,11,3,7,18,0
2018,10,17,ORL,MIA,104,101,1,39,94,7,25,19,31,14,37,20,7,7,12,25,0,38,97,9,33,16,22,14,38,16,4,5,16,28,0
2018,10,17,NYK,ATL,126,107,1,45,99,12,33,24,31,10,36,21,12,6,15,23,0,41,90,10,36,15,18,7,38,19,7,3,24,30,0
2018,10,17,TOR,CLE,116,104,1,45,92,14,33,12,20,8,35,21,6,7,9,29,0,34,85,7,19,29,39,14,35,17,4,0,16,25,0
2018,10,19,ORL,CHO,88,120,0,36,94,6,31,10,14,12,32,18,8,7,15,16,1,43,92,17,38,17,20,12,43,32,6,4,15,17,0
2018,10,19,BRK,NYK,107,105,1,37,75,12,30,21,24,12,43,22,2,6,22,23,0,39,97,9,28,18,20,12,24,14,10,1,3,19,0
2018,10,20,TOR,BOS,113,101,1,39,88,10,29,29,36,14,38,21,5,5,17,29,1,33,82,9,25,28,33,11,36,21,8,2,15,26,0
2018,10,20,IND,BRK,132,112,1,51,92,16,24,14,22,10,30,21,12,5,10,18,0,41,86,16,37,14,22,9,31,25,6,6,20,18,0
2018,10,20,WAS,TOR,113,117,0,37,89,13,39,26,32,9,28,20,11,9,11,27,1,39,88,10,29,29,36,14,38,21,5,5,17,29,0
2018,10,20,NYK,BOS,101,103,0,36,87,12,35,17,27,11,35,23,8,1,16,25,1,33,82,9,25,28,33,11,36,21,8,2,15,26,0
2018,10,20,PHI,ORL,116,115,1,45,94,17,33,9,10,13,33,33,8,3,10,21,0,41,90,16,29,17,22,14,35,31,7,7,14,15,0
2018,10,21,CLE,ATL,111,133,0,46,99,10,27,9,14,15,34,23,5,2,18,25,1,48,98,22,47,15,19,9,35,32,9,7,12,21,0
2018,10,21,OKC,SAC,120,131,0,46,104,9,39,19,30,18,33,23,11,9,18,29,1,50,91,10,22,21,28,12,34,28,11,7,17,26,0
2018,10,22,BOS,ORL,90,93,0,37,91,9,40,7,9,9,42,21,6,3,12,15,1,38,93,10,35,7,10,8,41,28,6,2,9,15,0
2018,10,22,TOR,CHO,127,106,1,50,87,15,39,12,14,5,41,36,10,8,13,21,0,41,97,9,28,15,18,14,27,21,5,5,12,14,0
2018,10,23,DET,PHI,133,132,1,51,108,12,33,19,27,12,34,22,4,4,8,24,0,49,98,14,43,20,28,8,40,32,3,8,11,24,0
2018,10,24,ATL,DAL,111,104,1,37,91,15,38,22,31,10,44,28,6,6,15,26,0,38,91,12,40,16,26,9,43,25,7,9,17,27,0
2018,10,24,CLE,BRK,86,102,0,34,89,3,18,15,16,16,37,18,5,2,15,19,1,38,87,14,34,12,15,8,36,23,8,1,14,16,0
2018,10,24,MIA,NYK,110,87,1,39,82,13,29,19,28,4,47,24,7,5,13,15,0,33,91,12,33,9,14,10,35,20,5,3,12,23,0
2018,10,24,TOR,MIN,112,105,1,46,89,11,32,9,12,11,33,26,9,8,16,18,0,40,96,15,30,10,16,16,28,25,10,5,15,17,0
2018,10,25,DET,CLE,110,103,1,41,78,11,28,17,29,13,35,21,4,5,20,21,0,41,89,8,24,13,15,7,23,18,11,1,9,25,0
2018,10,25,ORL,POR,114,128,0,43,86,12,30,16,20,11,29,29,5,7,14,21,1,48,87,11,27,21,26,12,32,24,6,6,10,22,0
2018,10,26,CHO,CHI,135,106,1,53,93,14,32,15,16,11,39,30,10,10,10,18,0,37,85,16,36,16,22,8,26,21,5,7,13,16,0
2018,10,26,NYK,GSW,100,128,0,39,90,13,39,9,12,11,29,17,6,1,19,18,1,51,87,16,33,10,12,6,33,26,10,6,14,16,0
2018,10,26,TOR,DAL,116,107,1,44,91,11,27,17,20,12,38,23,10,5,12,22,0,38,92,12,30,19,24,10,34,22,6,6,14,17,0
2018,10,27,DET,BOS,89,109,0,33,89,7,37,16,20,6,41,16,4,3,11,24,1,39,86,14,34,17,25,8,46,25,4,8,13,26,0
2018,10,27,NOP,UTA,111,132,0,40,95,9,34,22,29,11,29,22,4,5,16,32,1,46,88,10,32,30,37,6,37,32,7,7,13,26,0
2018,10,27,ATL,CHI,85,97,0,27,84,12,40,19,23,11,37,20,9,8,22,13,1,36,83,12,33,13,16,8,44,25,14,6,20,21,0
2018,10,27,CLE,IND,107,119,0,40,86,7,25,20,22,16,23,21,9,2,15,20,1,48,74,5,13,18,26,4,20,28,13,3,15,15,0
2018,10,27,PHI,CHO,105,103,1,35,91,10,28,25,30,14,42,18,4,8,11,23,0,37,95,9,35,20,24,9,39,19,3,8,9,25,0
2018,10,28,BRK,GSW,114,120,0,42,87,20,42,10,15,5,32,28,5,3,15,20,1,44,89,11,33,21,24,12,35,28,11,7,12,16,0
2018,10,28,DAL,UTA,104,113,0,38,91,9,28,19,25,12,31,24,6,3,13,19,1,42,80,10,25,19,22,8,35,25,8,6,18,27,0
2018,10,28,OKC,PHO,117,110,1,43,85,7,24,24,35,9,34,22,16,3,15,24,0,38,86,8,27,26,27,10,34,21,10,3,22,32,0
2018,10,29,IND,POR,93,103,0,37,90,6,19,13,20,7,28,19,8,5,8,20,1,38,78,10,26,17,18,9,41,19,3,3,18,23,0
2018,10,29,PHI,ATL,113,92,1,41,99,14,47,17,18,16,48,33,7,9,19,22,0,35,94,8,37,14,21,10,37,20,10,3,13,18,0
2018,10,29,MIA,SAC,113,123,0,38,92,13,39,24,34,13,39,20,10,9,18,21,1,48,97,12,26,15,25,9,37,28,8,8,12,23,0
2018,10,29,NYK,BRK,115,96,1,45,92,9,24,16,18,16,37,21,5,3,13,21,0,34,84,11,38,17,22,11,21,22,6,7,10,20,0
2018,10,30,CHO,MIA,125,113,1,44,81,13,28,24,29,8,31,27,7,5,14,26,0,41,87,11,28,20,24,10,24,25,9,5,15,26,0
2018,10,30,CLE,ATL,136,114,1,45,90,13,25,33,43,13,35,23,13,1,13,20,0,44,82,15,35,11,17,6,33,25,6,8,22,29,0
2018,10,30,ORL,SAC,99,107,0,36,91,11,43,16,22,11,37,28,10,8,16,22,1,41,84,8,22,17,26,8,43,22,8,6,15,20,0
2018,10,30,BOS,DET,108,105,1,37,84,9,31,25,32,8,38,25,8,4,14,20,0,37,88,8,30,23,27,11,39,17,6,3,17,28,0
2018,10,30,TOR,PHI,129,112,1,47,92,11,27,24,28,9,34,29,13,6,15,26,0,38,91,14,40,22,30,17,30,25,7,5,23,24,0
2018,10,31,BRK,DET,120,119,1,43,101,12,38,22,30,18,37,26,5,3,16,33,0,39,93,11,34,30,39,14,41,16,8,6,16,30,0
2018,11,1,CHO,OKC,107,111,0,38,93,11,41,20,22,11,40,26,7,3,17,26,1,41,96,8,37,21,29,14,35,20,12,9,10,21,0
2018,11,1,CLE,DEN,91,110,0,34,83,5,18,18,19,13,22,18,11,4,13,22,1,41,85,10,26,18,21,14,30,22,8,7,12,18,0
2018,11,1,PHI,LAC,122,113,1,44,93,13,27,21,28,10,33,29,7,7,14,30,0,38,86,9,23,28,33,8,34,19,6,7,18,28,0
2018,11,1,ATL,SAC,115,146,0,42,87,8,31,23,34,10,33,26,6,6,22,28,1,53,98,14,35,26,32,10,36,38,14,3,14,29,0
2018,11,2,ORL,LAC,95,120,0,40,90,4,17,11,19,8,32,20,7,4,10,24,1,41,86,13,26,25,33,10,40,22,5,3,13,23,0
2018,11,2,BRK,HOU,111,119,0,42,85,15,34,12,20,9,29,22,5,4,10,28,1,41,83,15,39,22,32,11,30,22,4,10,9,21,0
2018,11,3,CHI,IND,105,107,0,28,71,6,23,26,27,4,33,15,13,4,19,18,1,36,86,11,32,19,25,8,37,23,10,2,13,16,0
2018,11,3,PHI,DET,109,99,1,28,69,9,29,44,51,3,42,21,11,3,17,31,0,33,83,5,30,28,41,7,37,16,8,3,17,32,0
2018,11,3,CHO,CLE,126,94,1,52,91,10,30,12,13,12,38,29,3,7,15,17,0,35,81,10,26,14,15,3,23,22,10,2,13,20,0
2018,11,3,IND,BOS,102,101,1,36,86,11,32,19,25,8,37,23,10,2,13,16,0,38,88,19,46,6,9,10,35,23,6,8,14,20,0
2018,11,3,ATL,MIA,123,118,1,46,88,13,32,18,23,8,29,33,11,7,16,21,0,41,85,16,40,20,26,13,28,27,6,6,17,20,0
2018,11,4,POR,LAL,110,114,1,38,86,7,28,28,32,17,49,15,7,1,16,20,0,39,85,6,24,23,29,6,32,25,6,4,16,18,0
2018,11,4,MIL,SAC,144,109,1,46,95,22,56,30,33,10,46,30,6,7,12,20,0,42,95,14,36,11,22,8,36,24,6,4,15,26,0
2018,11,4,BRK,PHI,122,97,1,50,105,9,28,13,18,15,23,27,11,3,9,28,0,31,65,4,20,31,41,9,37,16,6,1,27,21,0
2018,11,4,WAS,NYK,108,95,1,36,83,6,26,30,39,15,32,21,12,11,13,18,0,39,93,5,27,12,16,15,36,19,5,5,18,28,0
2018,11,10,TOR,NYK,128,112,1,42,79,14,35,30,40,12,34,24,8,4,15,20,0,44,96,6,22,18,22,16,31,18,12,6,14,26,0
2018,11,10,LAC,MIL,128,126,1,46,99,14,34,22,27,10,44,26,6,6,17,19,0,47,105,16,46,16,23,15,37,31,11,8,17,26,0
2018,11,11,DET,CHO,103,113,0,38,104,12,44,15,19,22,29,21,5,4,10,18,1,43,85,11,28,16,18,6,40,24,6,8,12,26,0
2018,11,17,BOS,TOR,123,116,0,35,91,5,33,11,20,17,34,16,11,4,14,22,1,48,89,14,35,12,13,8,46,31,14,10,23,24,0
2018,11,17,PHI,UTA,113,107,1,39,93,11,35,33,38,9,44,23,9,6,19,24,1,35,78,11,38,17,27,7,39,23,11,4,14,23,0
2018,11,17,BRK,LAC,119,127,0,40,88,13,28,26,34,15,32,25,4,5,11,22,1,48,95,11,23,20,24,9,29,23,4,1,8,25,0
2018,11,18,ORL,LAL,130,117,1,48,84,13,32,22,26,7,28,35,5,6,15,26,1,42,95,11,27,18,21,14,36,16,7,5,9,19,0
2018,11,18,MIN,MEM,87,100,0,31,80,12,29,13,16,10,39,20,8,3,20,20,1,35,82,12,28,18,25,10,33,26,11,9,12,20,0
2018,11,18,MIA,LAL,97,113,0,35,87,13,32,14,19,12,36,20,3,5,12,21,1,42,95,11,27,18,21,14,36,16,7,5,9,19,0
2018,11,18,ORL,NYK,131,117,1,48,84,13,32,22,26,7,28,35,5,6,15,26,0,40,87,8,24,29,35,17,25,12,7,2,14,26,0
2018,11,18,WAS,POR,109,119,0,43,96,13,32,10,21,9,34,28,4,9,11,30,1,39,86,11,30,30,35,9,43,26,4,3,15,25,0
2018,11,21,NYK,POR,114,118,1,44,89,15,30,14,17,9,40,25,3,11,17,24,0,34,93,9,41,23,28,10,30,13,8,6,17,20,0
2018,11,23,BRK,MIN,102,112,0,33,79,14,45,22,26,9,37,26,2,4,18,22,1,44,92,9,25,15,17,9,29,25,15,4,7,20,0
2018,11,23,LAC,MEM,112,107,1,40,94,8,23,24,27,8,40,26,6,5,11,23,0,42,92,9,27,14,18,6,41,29,6,7,16,29,0
2018,11,25,LAL,ORL,104,108,0,37,79,10,26,20,31,5,37,22,9,10,18,17,1,42,93,11,31,13,14,9,36,31,8,5,13,22,0
2018,11,25,DET,PHO,118,107,1,43,93,16,41,16,25,13,28,30,9,0,12,19,0,42,82,8,25,15,21,10,32,22,6,6,17,22,0
2018,11,25,ATL,CHO,124,123,1,50,94,16,39,8,11,9,32,34,5,9,15,23,0,41,92,18,45,23,28,10,32,30,8,4,10,15,0
2018,11,25,BRK,PHI,125,127,0,50,88,10,25,15,20,10,33,19,2,4,16,25,1,44,91,12,29,27,33,13,29,28,9,6,9,22,0
2018,11,25,MEM,NYK,98,103,0,38,86,11,30,11,19,6,35,27,5,19,7,23,1,34,91,8,22,27,32,14,42,17,4,5,7,21,0
2018,11,25,TOR,MIA,125,115,1,47,90,11,35,20,25,11,36,25,4,7,9,21,0,39,95,15,36,22,32,17,29,21,6,5,7,22,0
2018,12,1,BOS,CLE,128,95,1,40,85,17,44,21,21,7,33,30,9,3,14,25,0,34,88,5,22,22,25,11,33,14,6,0,11,23,0
2018,12,1,DET,CHI,107,88,1,43,98,12,35,13,20,14,33,22,8,2,11,21,0,39,88,8,32,19,24,7,34,15,11,6,13,22,0
2018,12,1,NYK,MIL,136,134,1,51,96,20,34,14,21,6,35,30,5,2,16,23,0,46,94,18,42,24,31,10,41,28,11,4,16,25,0
2018,12,2,LAL,PHO,120,96,1,46,92,11,27,17,23,11,45,26,9,4,19,15,0,37,93,13,33,9,11,7,33,24,12,8,15,22,0
2018,12,2,CHO,NOP,109,119,0,39,91,10,36,21,28,11,30,25,9,6,11,19,1,44,86,11,32,20,24,9,41,30,6,5,17,25,0
2018,12,2,MIA,UTA,102,100,1,36,91,13,31,17,24,14,36,20,8,8,13,16,0,39,89,11,33,11,15,10,40,21,8,6,13,18,0
2018,12,2,PHI,MEM,103,95,1,36,74,8,22,23,30,3,41,22,5,2,16,20,0,33,79,11,28,18,23,3,32,19,7,7,14,24,0
2018,12,8,CLE,SAC,110,129,1,47,89,15,31,7,10,12,37,26,5,5,7,20,0,38,90,9,32,12,15,12,31,24,9,8,13,21,0
2018,12,8,DAL,HOU,107,104,1,41,83,12,30,13,16,14,30,21,9,3,15,14,0,39,86,15,47,11,13,10,26,20,5,3,12,19,0
2018,12,9,DET,NOP,108,116,0,43,98,9,29,13,24,17,30,28,8,5,10,22,1,42,79,12,30,20,23,8,39,27,5,8,18,19,0
2018,12,9,TOR,MIL,99,104,0,39,94,15,44,6,7,11,34,24,6,11,11,21,1,36,87,15,39,17,20,9,36,22,6,7,11,13,0
2018,12,11,PHO,LAC,119,123,0,33,82,8,28,12,14,8,32,19,7,5,17,22,0,38,86,7,25,16,19,12,32,25,2,5,15,16,0
2018,12,15,ORL,UTA,96,89,1,34,72,11,24,17,20,4,44,18,7,10,22,27,0,28,89,7,29,26,28,11,31,17,13,4,10,19,0
2018,12,16,BRK,ATL,144,127,1,49,88,16,40,30,33,10,29,34,12,3,13,21,0,47,85,14,29,19,25,8,25,38,9,5,14,22,0
2018,12,16,CLE,PHI,105,128,0,41,88,12,30,11,17,6,27,28,8,0,12,20,1,51,91,11,27,15,20,12,36,32,5,9,10,18,0
2018,12,16,IND,NYK,110,99,1,40,87,12,34,18,23,11,34,28,9,4,13,18,0,37,89,10,32,15,22,13,31,21,7,1,15,19,0
2018,12,16,WAS,LAL,128,110,1,54,106,13,31,7,10,15,36,30,14,5,17,13,0,44,91,11,36,11,18,8,35,24,10,6,22,13,0
2018,12,19,IND,CLE,91,92,0,38,80,9,20,11,16,9,40,19,6,7,20,21,0,41,85,10,23,7,12,4,31,24,8,6,7,18,0
2018,12,22,LAC,DEN,132,111,1,53,92,10,20,16,17,13,43,28,7,5,15,23,0,41,97,9,31,20,25,13,24,21,10,5,9,16,0
2018,12,23,WAS,PHO,149,146,0,28,76,9,35,24,26,6,31,21,8,1,22,18,0,43,89,3,17,14,16,10,31,24,10,5,12,27,0
2018,12,23,GSW,DAL,120,116,1,42,93,14,40,31,36,15,31,22,9,7,7,27,0,43,103,12,34,20,28,8,41,22,1,2,9,20,0
2018,12,23,DET,ATL,95,98,0,34,83,10,29,17,27,5,36,21,6,9,16,25,1,36,91,6,23,20,25,15,39,24,9,9,16,25,0
2018,12,23,IND,WAS,105,89,1,43,97,9,30,10,12,16,41,24,12,6,17,25,0,28,76,9,35,24,26,6,31,21,8,1,22,18,0
2018,12,23,BOS,CHO,119,103,1,43,86,13,39,20,25,11,36,30,8,4,14,22,0,38,88,8,32,19,26,9,28,24,9,5,9,17,0
2018,12,23,BRK,PHO,111,103,1,40,85,10,27,21,33,14,35,25,7,4,17,15,0,43,89,3,17,14,16,10,31,24,10,5,12,27,0
2018,12,23,CLE,CHI,92,112,0,38,84,7,23,9,14,7,24,11,5,2,11,20,1,43,78,11,22,15,17,7,36,26,7,3,11,19,0
2018,12,23,ORL,MIA,91,115,0,29,70,10,28,23,32,12,28,15,4,5,19,19,1,43,85,16,31,13,19,9,30,27,11,3,11,26,0
2018,12,23,SAC,NOP,122,117,1,42,100,14,31,24,33,12,38,26,9,4,9,21,0,44,94,6,26,23,28,12,46,26,6,9,12,29,0
2018,12,25,NYK,MIL,95,109,0,35,97,8,29,17,21,15,42,17,4,3,14,25,1,40,89,6,32,23,34,6,45,22,9,8,8,19,0
2018,12,25,HOU,OKC,113,109,1,44,97,14,44,11,17,17,37,18,9,4,19,25,0,43,98,9,30,14,21,18,34,23,12,11,15,22,0
2018,12,25,BOS,PHI,121,114,1,45,108,14,41,17,20,13,42,21,8,4,9,21,0,38,92,15,40,23,29,9,47,25,6,4,19,21,0
2018,12,29,CHO,BRK,100,87,0,47,90,13,31,19,24,10,31,22,9,4,16,29,0,38,79,15,35,24,35,5,35,28,6,3,14,17,0
2018,12,29,DEN,SAS,102,99,1,42,76,18,35,20,26,10,30,31,10,3,21,20,1,44,87,6,23,28,31,8,41,27,10,4,15,25,0
2018,12,29,MIL,BRK,129,115,1,47,96,21,51,14,16,5,34,30,6,5,10,22,0,38,79,15,35,24,35,5,35,28,6,3,14,17,0
2018,12,30,ORL,DET,109,107,1,40,85,7,24,22,24,9,36,21,7,4,13,20,0,39,92,8,31,21,23,17,34,21,6,2,11,21,0
2018,12,30,MIA,MIN,104,113,0,37,90,8,24,22,28,17,35,19,8,6,19,28,1,38,94,8,24,29,36,17,32,24,11,10,10,22,0
2018,12,30,TOR,CHI,95,89,1,34,92,9,33,18,20,17,35,17,5,8,11,15,0,33,80,7,20,16,18,7,37,16,7,2,16,16,0
2018,12,31,DAL,OKC,105,103,0,31,74,14,38,26,34,5,44,21,7,3,26,29,1,46,103,6,24,24,35,11,35,22,13,3,10,30,0
2018,12,31,IND,ATL,116,108,1,42,84,11,24,21,29,8,31,29,13,6,11,18,0,41,95,13,32,13,19,21,32,24,8,5,17,23,0
2018,12,31,CHO,ORL,125,100,1,42,85,11,24,30,33,6,40,29,8,1,8,16,0,38,92,10,35,14,19,13,35,22,6,5,11,21,0
2019,1,5,CLE,UTA,91,117,0,36,88,12,33,14,18,10,24,22,12,3,17,23,1,39,82,7,21,25,32,7,35,24,12,6,12,23,0
2019,1,5,DEN,CHO,123,110,1,47,102,14,39,15,20,17,29,30,10,6,7,19,0,39,82,11,29,21,26,12,35,22,7,4,17,18,0
2019,1,6,CHI,BRK,100,117,0,41,88,7,18,11,15,11,33,20,6,4,12,15,1,42,83,16,46,17,22,6,32,29,6,3,9,16,0
2019,1,6,LAC,ORL,106,96,1,40,93,8,22,18,23,11,42,20,5,5,7,21,0,33,89,9,31,21,29,13,41,24,6,7,12,18,0
2019,1,6,MIN,LAL,108,86,1,41,89,11,32,15,21,8,42,24,10,9,14,27,0,32,87,5,22,17,28,12,36,20,6,4,21,20,0
2019,1,6,ATL,MIA,106,82,1,43,91,10,24,10,13,14,45,25,7,2,17,22,0,31,87,5,34,15,27,12,29,23,11,7,13,17,0
2019,1,9,CLE,IND,115,123,0,42,88,14,30,26,30,9,22,27,7,3,13,30,0,39,91,9,28,21,33,12,27,26,6,0,11,18,0
2019,1,9,PHI,WAS,132,115,0,37,86,8,27,24,31,17,29,23,12,3,24,20,1,47,87,13,27,16,21,11,28,26,16,2,18,21,0
2019,1,12,LAC,DET,104,109,0,36,74,9,18,23,29,6,32,25,7,5,17,19,1,37,85,16,37,19,22,14,34,20,12,5,16,26,0
2019,1,12,MIA,MEM,112,108,1,40,80,15,31,17,24,10,28,25,7,4,14,23,0,39,81,9,29,21,27,10,28,18,9,6,10,21,0
2019,1,13,NYK,PHI,105,108,0,37,86,10,31,21,30,7,27,24,8,5,10,21,1,40,87,6,20,22,30,12,44,22,4,9,16,21,0
2019,1,13,WAS,TOR,138,140,0,54,118,19,44,11,18,17,34,36,11,7,20,28,1,49,104,13,36,29,36,17,42,24,16,8,21,27,0
2019,1,13,ATL,MIL,114,133,0,39,96,12,38,24,30,18,36,19,3,5,24,30,1,49,92,11,30,24,33,8,31,28,13,4,14,25,0
2019,1,13,ORL,HOU,116,109,1,41,85,9,24,25,28,12,33,25,6,2,11,21,0,38,86,10,42,23,27,9,29,20,7,1,10,21,0
2019,1,17,WAS,NYK,101,100,1,40,92,7,27,14,20,15,36,23,9,2,13,10,0,39,87,12,29,10,12,6,36,15,6,3,14,16,0
2019,1,19,BOS,MEM,122,116,1,39,88,12,32,23,25,11,32,19,10,8,15,18,0,34,80,10,29,12,15,10,32,21,7,3,24,13,0
2019,1,19,DET,MIA,98,93,0,36,82,10,29,19,25,13,33,21,6,2,14,23,1,45,79,13,32,14,23,7,39,27,5,6,17,23,0
2019,1,19,PHI,OKC,115,117,0,38,81,11,32,28,39,12,35,28,6,7,17,20,1,41,93,12,31,23,26,11,34,20,10,6,10,24,0
2019,1,19,CHO,PHO,135,115,1,48,88,16,34,23,27,14,39,31,5,8,16,26,0,39,87,11,33,26,33,7,19,21,7,7,7,26,0
2019,1,20,IND,CHO,120,95,1,47,100,14,27,12,12,12,39,34,10,7,8,18,0,33,82,12,35,17,25,7,37,20,5,6,16,14,0
2019,1,21,NYK,OKC,109,127,0,39,87,7,23,24,32,11,25,25,8,3,12,23,1,45,83,15,29,22,27,10,39,26,7,2,18,31,0
2019,1,21,CLE,CHI,88,104,0,31,87,6,27,20,29,11,27,16,8,4,14,18,1,36,76,15,30,17,22,8,42,24,8,2,18,26,0
2019,1,21,MIL,DAL,116,106,1,42,91,12,32,20,22,8,43,21,9,7,14,19,0,41,99,14,40,10,17,11,37,24,7,11,11,19,0
2019,1,21,WAS,DET,101,87,1,36,79,8,23,21,27,5,40,24,7,6,13,18,0,31,77,11,34,14,18,2,38,22,5,3,17,21,0
2019,1,21,ATL,ORL,103,122,0,39,86,9,30,16,23,9,35,23,5,3,13,24,1,46,91,11,29,19,21,9,36,29,8,8,11,22,0
2019,1,21,BRK,SAC,123,94,1,45,90,13,35,20,24,12,44,25,9,4,16,15,0,39,93,10,25,6,11,10,27,26,8,4,14,20,0
2019,1,21,MEM,NOP,85,105,0,33,88,9,35,10,17,10,25,21,10,1,11,19,1,39,74,9,26,18,26,7,43,19,8,7,19,17,0
2019,1,21,BOS,MIA,107,99,1,43,87,12,30,9,10,8,28,26,13,7,19,21,0,36,86,11,35,16,18,10,28,25,11,5,19,16,0
2019,1,26,NOP,SAS,114,126,0,45,96,7,27,17,24,10,31,26,6,6,8,18,1,47,91,11,24,21,25,9,42,30,5,3,9,19,0
2019,1,27,CHI,CLE,101,104,0,39,88,9,26,14,17,8,39,22,5,8,10,17,1,39,92,13,34,13,15,12,40,26,5,3,8,13,0
2019,1,27,LAC,SAC,122,108,1,42,88,11,29,27,29,14,38,35,6,1,18,28,0,37,93,8,36,26,30,15,29,18,12,6,12,26,0
2019,1,27,OKC,MIL,118,112,1,44,94,16,32,14,25,11,41,29,5,10,11,21,0,39,91,15,37,19,28,9,40,22,6,5,14,22,0
2019,2,2,UTA,ATL,128,112,0,31,86,11,41,25,36,14,37,19,8,9,20,21,1,43,84,14,32,18,26,16,37,21,6,5,24,18,0
2019,2,2,DEN,HOU,136,122,1,42,89,13,33,10,14,15,33,29,3,7,10,16,1,40,87,15,39,30,37,8,40,17,15,8,14,29,0
2019,2,2,DET,LAC,101,111,0,35,83,17,42,14,20,7,31,21,6,4,14,27,1,40,82,10,20,21,34,11,36,22,5,4,12,24,0
2019,2,3,NYK,MEM,84,96,0,28,74,12,40,16,22,6,39,20,4,6,15,16,1,37,91,9,26,13,18,10,39,25,8,4,7,20,0
2019,2,3,BOS,OKC,134,129,1,54,91,13,34,13,17,5,33,36,8,6,14,22,0,45,92,14,35,25,34,11,31,25,12,5,11,18,0
2019,2,3,TOR,LAC,121,103,1,43,94,9,33,26,31,16,40,21,10,5,14,28,0,38,89,2,12,25,29,7,29,15,7,7,13,24,0
2019,2,9,WAS,CLE,119,106,1,55,95,12,27,12,14,6,33,38,6,6,13,23,0,35,79,16,36,4,9,5,25,23,3,2,12,13,0
2019,2,9,UTA,SAS,125,105,1,47,90,16,41,15,20,9,43,29,7,3,11,17,0,40,89,7,22,18,20,5,31,24,7,3,9,17,0
2019,2,10,DAL,POR,102,101,1,36,87,12,37,18,23,11,28,20,6,3,15,20,0,42,86,9,29,8,14,12,36,24,7,4,19,26,0
2019,2,10,PHI,LAL,143,120,1,56,97,12,24,19,22,7,35,33,10,3,7,17,0,48,93,10,27,14,19,9,34,31,3,4,16,21,0
2019,2,10,SAC,PHO,117,104,1,38,84,9,31,32,44,11,38,26,12,11,12,21,0,38,91,6,27,22,30,15,39,22,5,4,17,31,0
2019,2,13,PHI,BOS,109,112,1,42,78,8,23,34,43,6,41,33,8,7,15,24,1,45,88,16,39,12,15,10,37,32,8,2,16,22,0
2019,2,23,CHO,WAS,123,110,0,39,86,12,35,25,30,12,30,15,4,5,12,23,0,42,79,13,35,15,21,8,24,27,15,5,22,23,0
2019,2,23,IND,NOP,126,111,1,47,83,11,25,14,22,12,29,29,13,0,23,21,1,50,96,15,40,13,16,9,32,31,14,4,17,21,0
2019,2,23,ATL,DET,122,125,1,38,92,12,33,32,38,12,38,22,8,9,13,22,1,42,80,14,33,21,26,7,34,21,6,5,14,24,0
2019,2,23,OKC,UTA,148,147,0,40,105,14,46,22,28,16,43,17,2,6,14,26,1,41,85,14,38,29,33,8,45,28,2,9,7,21,0
2019,2,23,PHI,POR,115,130,0,42,87,9,24,22,28,7,26,28,5,5,11,23,1,49,99,5,23,27,29,19,34,29,8,6,11,23,0
2019,2,24,TOR,ORL,98,113,0,38,91,11,28,11,14,6,36,30,6,2,13,20,1,42,91,14,36,15,20,12,40,29,6,8,12,16,0
2019,2,24,DEN,LAC,123,96,1,44,85,12,34,23,35,12,44,30,11,6,22,28,0,30,87,3,21,33,37,7,31,20,9,7,17,27,0
2019,2,28,MIA,GSW,126,125,0,42,81,15,28,19,24,8,26,28,9,2,14,22,0,39,97,9,40,9,10,9,38,16,5,3,12,14,0
2019,3,2,PHO,NOP,116,130,1,39,76,6,26,34,40,9,32,21,7,8,10,22,1,45,92,12,30,18,26,12,35,28,10,4,21,25,0
2019,3,2,LAL,MIL,120,131,0,43,89,8,25,15,23,10,30,27,3,3,11,24,0,37,96,15,39,22,30,17,36,20,6,10,15,22,0
2019,3,2,CLE,DET,93,129,0,27,79,13,34,26,32,9,24,15,7,1,12,19,1,47,87,20,37,15,17,9,42,27,5,8,9,24,0
2019,3,3,CHO,POR,108,118,0,37,83,14,33,20,23,4,31,25,7,5,12,21,1,43,96,11,32,21,23,13,35,26,9,3,11,23,0
2019,3,3,BOS,HOU,104,115,0,37,77,8,28,22,29,8,36,23,7,0,13,23,1,38,80,21,51,18,29,10,32,22,8,4,12,23,0
2019,3,3,CHI,ATL,118,123,0,47,92,8,27,16,21,9,33,25,6,5,14,20,1,42,89,21,42,18,28,11,35,30,10,5,13,18,0
2019,3,3,LAC,NYK,128,107,1,48,98,19,35,13,17,9,44,33,5,4,16,28,0,35,88,11,29,26,34,9,37,23,9,9,13,19,0
2019,3,3,CLE,ORL,107,93,1,36,83,14,43,21,23,9,35,20,7,2,11,15,0,39,88,6,26,9,11,8,33,23,5,4,11,17,0
2019,3,3,DET,TOR,112,107,1,40,86,12,33,20,29,8,38,25,10,3,15,24,0,37,96,14,39,19,24,18,32,22,8,3,15,28,0
2019,3,3,WAS,MIN,135,121,1,49,98,11,33,26,32,15,31,30,6,4,8,19,0,52,99,4,27,13,19,12,34,25,3,4,12,24,0
2019,3,9,CHO,WAS,112,111,0,44,93,15,39,11,14,6,29,25,4,2,12,24,0,48,100,16,44,18,24,10,40,31,8,5,18,23,0
2019,3,9,NYK,SAC,94,102,0,35,94,10,35,14,21,13,45,16,3,5,9,20,1,36,95,12,36,18,22,11,42,16,5,3,7,14,0
2019,3,10,DET,CHI,131,108,1,49,91,19,35,14,22,10,34,34,5,1,7,24,0,41,82,9,18,17,26,6,31,18,4,5,10,18,0
2019,3,10,MIA,TOR,104,125,0,42,92,8,27,12,21,9,27,27,13,0,13,22,1,42,74,21,40,20,26,6,38,32,8,8,19,23,0
2019,3,10,PHI,IND,106,89,1,38,87,7,23,23,30,13,39,24,10,3,13,26,0,31,83,5,16,22,37,12,32,18,8,4,14,27,0
2019,3,10,ATL,NOP,128,116,1,48,98,17,37,15,18,10,46,30,4,5,9,12,0,45,101,18,41,8,8,5,37,29,6,9,8,17,0
2019,3,10,MEM,ORL,105,97,1,34,82,9,31,28,31,6,39,23,6,6,10,22,0,31,87,12,38,23,27,15,38,23,6,4,13,23,0
2019,3,10,DAL,HOU,93,94,0,31,75,9,32,22,27,10,41,24,6,9,16,20,1,32,88,16,52,14,22,13,28,18,6,4,12,20,0
2019,3,11,CLE,TOR,126,101,1,44,94,18,41,20,21,11,40,27,8,1,12,19,0,40,84,11,39,10,17,6,37,20,8,3,20,24,0
2019,3,11,WAS,SAC,121,115,1,40,86,14,37,27,33,7,40,29,12,1,17,25,0,41,91,9,27,24,32,9,38,28,8,3,16,25,0
2019,3,11,BRK,DET,103,75,1,39,79,11,31,14,22,5,48,21,9,4,17,18,0,27,97,8,34,13,16,17,32,16,7,3,12,22,0
2019,3,12,IND,NYK,103,98,1,37,85,8,28,21,29,8,34,26,11,3,10,22,0,35,80,13,28,15,18,8,40,22,4,5,19,23,0
2019,3,12,PHI,CLE,106,99,1,42,85,8,23,14,17,12,48,25,4,7,21,18,0,40,101,13,38,6,8,9,28,14,8,2,7,17,0
2019,3,13,OKC,BRK,108,96,1,41,96,11,28,15,19,16,35,21,9,6,11,20,0,35,84,13,35,13,19,7,36,19,7,5,16,18,0
2019,3,13,WAS,ORL,100,90,1,42,90,8,27,8,12,10,36,20,5,2,8,13,0,35,90,12,33,8,9,12,36,26,3,3,10,15,0
2019,3,13,ATL,MEM,132,111,1,52,103,17,45,11,14,15,36,35,9,9,11,26,0,38,89,14,40,21,26,9,26,28,8,6,14,17,0
2019,3,13,MIA,DET,108,74,1,39,84,11,28,19,24,13,38,22,10,5,11,18,0,27,77,8,37,12,18,10,27,20,7,7,17,23,0
2019,3,14,IND,OKC,108,106,1,37,82,7,22,27,32,6,33,24,11,3,16,17,0,38,86,14,30,16,20,8,36,24,11,5,17,28,0
2019,3,14,ORL,CLE,120,91,1,45,93,14,31,16,21,12,38,31,11,3,9,14,0,35,86,7,31,14,15,8,35,13,4,4,15,18,0
2019,3,14,BOS,SAC,126,120,1,49,97,9,28,19,26,10,42,32,7,2,13,20,0,48,95,11,34,13,23,8,39,31,9,2,10,24,0
2019,3,15,DET,LAL,111,97,1,37,86,17,39,20,32,16,34,26,5,4,14,19,0,36,86,6,25,19,26,11,36,24,9,4,14,26,0
2019,3,15,PHI,SAC,123,114,1,46,91,7,24,24,27,10,39,28,7,6,10,18,0,43,94,9,27,19,24,10,30,23,4,2,8,22,0
2019,3,15,WAS,CHO,110,116,0,41,84,13,34,15,19,8,37,25,8,5,17,14,1,46,101,14,31,10,12,15,31,18,11,7,12,17,0
2019,3,16,NOP,POR,110,122,0,47,102,15,30,27,41,18,39,34,11,4,22,30,0,42,101,7,28,12,14,14,37,23,4,2,8,22,0
2019,3,16,BOS,ATL,129,120,1,44,93,13,36,28,37,11,35,30,10,7,14,21,0,43,100,15,40,19,24,19,31,27,11,5,17,25,0
2019,3,16,NOP,PHO,136,138,0,47,102,15,30,27,41,18,39,34,11,4,22,30,1,51,100,9,29,27,36,11,37,31,10,7,22,33,0
2019,3,16,WAS,MEM,135,128,1,41,81,17,35,36,43,9,36,26,6,7,11,21,0,48,90,12,33,20,26,7,33,35,5,3,8,27,0
2019,3,17,NYK,LAL,124,123,1,44,76,12,26,24,29,10,35,24,4,5,23,26,0,47,97,7,27,22,28,15,20,26,12,5,10,21,0
2019,3,17,MIA,CHO,93,75,1,34,86,13,33,12,19,15,40,25,6,7,11,21,0,26,83,7,36,16,18,11,33,11,6,5,12,19,0
2019,3,17,MIL,PHI,125,130,0,43,95,16,50,23,28,10,35,25,9,6,10,22,1,47,100,15,32,21,30,15,39,26,8,2,13,23,0
2019,3,17,DET,TOR,110,107,1,39,83,8,27,24,27,11,33,23,8,3,10,18,0,39,82,18,36,11,14,7,31,25,2,2,12,22,0
2019,3,17,ORL,ATL,101,91,1,33,85,9,37,26,33,10,45,21,12,3,14,15,0,38,91,8,35,7,10,8,42,20,8,3,18,29,0
2019,3,17,SAC,CHI,129,102,1,54,103,8,23,13,16,15,33,28,12,7,10,21,0,39,88,10,26,14,21,10,29,20,6,6,19,16,0
2019,3,18,CLE,DET,126,119,1,46,79,11,22,23,27,5,31,22,6,3,8,16,0,42,94,18,44,17,21,19,28,24,6,4,11,21,0
2019,3,18,WAS,UTA,95,116,0,34,81,8,27,19,22,5,29,20,9,2,16,16,1,49,91,14,37,4,6,7,34,35,10,8,17,21,0
2019,3,18,BOS,DEN,105,114,0,39,93,12,39,15,19,12,25,24,12,5,12,16,1,46,94,14,39,8,10,11,40,29,6,5,17,19,0
2019,3,18,TOR,NYK,128,92,1,49,88,17,40,13,22,5,45,36,5,6,14,22,0,28,85,8,35,28,32,7,29,16,8,4,13,18,0
2019,3,19,CHO,PHI,114,118,0,36,83,9,35,33,44,10,36,16,3,2,9,22,1,43,86,11,32,21,28,6,38,29,5,4,7,27,0
2019,3,19,ATL,HOU,105,121,0,39,84,15,40,12,15,8,37,30,6,1,19,23,1,40,78,19,47,22,30,6,31,28,13,2,14,17,0
2019,3,20,CLE,MIL,107,102,1,39,93,11,39,18,24,13,41,18,4,6,11,17,0,36,91,13,32,17,21,11,40,24,9,7,9,16,0
2019,3,20,ORL,NOP,119,96,1,46,102,15,38,12,14,20,45,28,8,10,14,14,0,38,102,10,34,10,13,14,35,24,9,2,13,15,0
2019,3,20,PHI,BOS,118,115,1,34,90,11,33,39,43,17,37,23,5,5,8,17,0,45,96,12,32,13,16,10,36,22,1,3,8,25,0
2019,3,20,NYK,UTA,116,137,0,45,86,13,31,13,21,8,32,23,6,6,14,21,1,48,85,20,42,21,25,7,33,38,7,3,10,18,0
2019,3,21,CHO,MIN,113,106,1,43,100,9,29,18,24,15,40,26,5,6,10,24,0,39,88,10,28,18,29,9,40,23,6,7,13,21,0
2019,3,21,WAS,DEN,108,113,0,40,79,8,28,20,21,6,32,25,4,2,12,15,1,46,87,14,30,7,11,9,31,30,9,4,8,20,0
2019,3,21,ATL,UTA,117,114,1,41,87,19,40,16,23,9,34,26,8,5,16,23,0,43,94,10,32,18,26,14,35,25,12,3,15,24,0
2019,3,22,ORL,MEM,123,119,1,44,93,14,39,21,27,4,40,30,6,5,8,16,0,47,93,15,38,10,21,10,42,28,5,6,13,24,0
2019,3,22,CLE,LAC,108,110,0,43,90,12,31,10,13,8,33,14,7,2,13,22,1,42,82,6,26,20,23,7,36,24,6,6,11,16,0
2019,3,22,NYK,DEN,93,111,0,34,90,9,32,16,21,8,37,20,3,5,7,15,1,40,96,15,38,16,19,17,45,24,5,5,8,15,0
2019,3,22,TOR,OKC,109,116,0,39,78,13,25,18,21,11,35,20,7,7,21,24,1,42,94,20,43,12,14,12,27,30,9,6,12,21,0
2019,3,23,CHO,BOS,124,117,1,42,95,18,38,22,28,14,39,26,7,5,11,15,0,44,93,19,43,10,15,7,35,31,6,8,10,23,0
2019,3,23,WAS,MIA,108,113,0,41,96,9,30,17,23,21,32,25,5,2,12,20,1,44,88,12,39,13,19,12,32,29,5,10,11,23,0
2019,3,23,ATL,PHI,129,127,1,49,106,15,47,16,21,15,34,28,8,7,12,25,0,42,91,10,23,33,39,14,38,21,7,4,13,15,0
2019,3,24,NYK,LAC,113,124,0,41,86,9,33,22,25,13,31,22,5,7,14,24,1,38,86,15,35,33,37,12,30,24,7,4,8,19,0
2019,3,24,MIL,CLE,127,105,1,48,87,15,41,16,21,4,41,26,8,7,9,13,0,41,96,11,41,12,17,12,33,23,6,1,12,21,0
2019,3,24,IND,DEN,124,88,1,51,91,8,18,14,17,10,39,34,9,5,11,17,0,33,93,7,29,15,16,15,26,21,5,7,17,17,0
2019,3,24,TOR,CHO,114,115,0,45,77,11,26,13,13,3,32,29,6,11,13,17,1,41,93,18,41,15,17,14,25,32,12,3,7,17,0
2019,3,24,NOP,HOU,90,113,0,38,92,7,28,7,10,15,29,26,9,3,15,9,1,42,86,21,49,8,9,13,37,24,10,5,17,16,0
2019,3,24,BOS,SAS,96,115,0,38,94,7,35,13,16,11,34,23,4,2,8,14,1,50,98,8,24,7,8,11,40,32,1,4,8,19,0
2019,3,25,ORL,PHI,119,98,1,45,87,11,29,18,23,13,31,28,9,2,7,18,0,36,73,6,23,20,26,6,33,20,4,2,15,18,0
2019,3,26,CHO,SAS,125,116,1,46,100,13,42,20,28,5,40,30,9,5,6,18,0,44,108,13,39,15,21,17,43,24,4,5,12,21,0
2019,3,26,CLE,BOS,106,116,0,39,80,9,28,19,25,3,33,24,4,1,14,21,1,46,91,10,25,14,19,11,35,23,8,3,10,21,0
2019,3,26,MIA,ORL,99,104,0,36,86,10,33,17,21,6,33,25,10,1,11,22,1,37,89,14,42,16,23,15,40,27,5,5,15,19,0
2019,3,26,TOR,CHI,112,103,1,42,86,12,28,16,16,2,37,28,13,7,15,16,0,39,86,8,23,17,20,7,38,20,12,2,18,16,0
2019,3,27,LAL,WAS,124,106,0,37,97,9,27,17,24,8,32,21,9,5,4,23,1,43,90,9,25,29,43,15,37,18,10,3,10,20,0
2019,3,28,DET,ORL,115,98,1,46,86,17,35,6,12,10,33,25,8,9,11,18,0,37,94,8,31,16,20,15,28,21,5,4,12,14,0
2019,3,28,PHI,BRK,123,110,1,45,90,12,25,21,28,9,36,27,10,3,9,23,0,40,90,11,32,19,29,11,34,25,4,3,15,22,0
2019,3,28,MIA,DAL,105,99,1,39,89,7,30,20,27,10,45,24,7,4,10,22,0,36,92,16,47,11,17,10,40,26,4,2,13,21,0
2019,3,28,NYK,TOR,92,117,0,31,85,6,26,24,32,14,40,16,3,5,16,22,1,40,89,20,47,17,22,6,38,32,8,6,8,28,0
2019,3,29,BOS,IND,114,112,1,44,86,13,27,13,17,7,36,27,8,5,14,19,0,42,90,12,27,16,23,14,27,27,9,2,12,16,0
2019,3,29,ATL,POR,98,118,0,38,94,9,38,13,14,8,33,20,5,7,10,22,1,45,96,9,32,19,22,10,45,19,4,4,9,9,0
2019,3,30,LAC,CLE,132,108,1,53,85,15,33,11,16,9,35,33,5,5,16,25,0,41,92,3,23,23,28,14,22,18,11,0,11,16,0
2019,3,30,BRK,BOS,110,96,1,38,83,12,38,22,28,5,35,22,7,2,12,17,0,35,83,8,20,18,23,7,32,19,8,7,15,25,0
2019,3,30,HOU,SAC,119,108,1,39,83,17,52,24,27,6,32,19,6,2,9,17,0,42,94,15,29,9,15,16,33,28,3,4,12,17,0
2019,3,30,DET,POR,99,90,1,37,86,5,25,20,26,7,38,20,8,6,10,21,0,38,102,4,21,10,11,18,41,18,7,5,16,19,0
2019,3,30,IND,ORL,116,121,0,48,90,9,24,11,17,11,33,26,4,3,15,18,1,47,92,15,38,12,14,9,28,37,9,3,7,16,0
2019,3,30,NYK,MIA,92,100,0,31,77,9,38,21,25,8,34,20,10,7,18,16,1,39,90,9,32,13,17,14,37,26,11,3,18,21,0
2019,3,31,ATL,MIL,136,135,1,52,118,22,61,10,17,15,43,36,10,10,9,13,0,48,116,17,55,22,23,22,49,30,6,3,16,20,0
2019,3,31,OKC,DAL,103,106,0,38,98,11,43,16,22,15,34,19,6,6,8,21,1,37,87,16,44,16,23,10,42,18,3,2,13,19,0
2019,3,31,NOP,LAL,102,130,0,38,83,8,31,18,21,5,40,19,5,1,24,16,1,48,101,15,38,19,22,11,35,30,16,5,10,20,0
2019,3,31,SAS,SAC,106,113,0,44,94,8,27,10,14,15,27,24,7,3,11,22,1,39,81,11,25,24,28,7,35,20,9,1,12,15,0
2019,4,1,IND,DET,111,102,1,42,77,10,22,17,22,7,35,27,9,8,17,20,0,38,88,12,33,14,19,16,25,21,7,5,15,24,0
2019,4,1,BOS,MIA,110,105,1,36,91,17,40,21,24,14,35,25,8,2,12,18,0,40,88,10,37,15,18,9,39,27,9,6,15,17,0
2019,4,1,BRK,MIL,121,131,0,39,94,16,44,27,34,16,39,19,6,5,23,26,1,47,94,11,34,26,30,6,34,28,15,7,14,26,0
2019,4,1,NYK,CHI,113,105,1,37,74,18,38,21,25,6,38,24,2,9,16,18,0,42,94,4,17,17,23,12,32,20,9,2,6,18,0
2019,4,1,TOR,ORL,121,109,1,42,84,19,37,18,22,6,33,31,9,8,14,20,0,43,93,12,33,11,15,11,35,32,7,8,13,21,0
2019,4,3,SAS,ATL,117,111,0,31,81,5,27,18,25,11,27,15,9,7,11,14,1,48,92,12,36,22,28,11,33,29,7,7,11,26,0
2019,4,3,DET,IND,89,108,0,31,80,11,41,16,24,11,35,21,6,5,18,25,1,43,92,6,21,16,22,10,34,31,9,4,11,18,0
2019,4,3,ORL,NYK,114,100,1,45,99,11,32,13,20,19,36,29,5,7,13,16,0,38,85,6,27,18,21,8,31,21,10,5,12,18,0
2019,4,3,WAS,CHI,114,115,0,45,97,5,27,19,26,9,30,24,8,9,12,18,1,48,90,5,19,14,17,9,40,22,7,5,20,23,0
2019,4,3,ATL,PHI,130,122,1,48,92,12,36,22,28,11,33,29,7,7,11,26,0,45,98,10,31,22,38,26,31,27,8,4,13,24,0
2019,4,3,BRK,TOR,105,115,0,41,86,10,32,13,21,9,44,23,3,2,14,19,1,44,105,15,38,12,14,17,35,29,9,1,7,16,0
2019,4,3,MIA,BOS,102,112,0,39,95,12,36,12,20,16,31,25,6,5,15,23,1,38,80,9,24,27,31,6,36,25,8,7,11,21,0
2019,4,5,SAC,CLE,117,104,0,38,92,5,21,17,25,12,35,17,7,1,18,23,0,43,97,7,30,21,23,12,36,21,9,1,5,11,0
2019,4,5,LAL,GSW,90,108,1,43,96,14,32,22,27,14,41,28,8,10,14,24,1,46,87,20,37,8,8,4,34,29,2,8,13,21,0
2019,4,5,CHO,TOR,113,111,1,44,94,13,39,12,14,8,32,28,6,2,6,17,0,43,80,9,26,16,20,5,38,27,2,5,14,17,0
2019,4,5,ORL,ATL,149,113,1,56,92,18,37,19,25,9,45,35,11,4,19,24,0,41,94,10,39,21,31,10,28,21,16,4,14,21,0
2019,4,5,WAS,SAS,112,129,0,42,88,9,32,19,22,9,25,22,2,4,9,16,1,51,91,10,25,17,20,12,30,34,3,4,9,18,0
2019,4,6,MIL,BRK,128,133,0,49,88,16,34,14,21,6,37,28,7,4,14,18,1,48,97,19,45,18,23,12,31,25,7,0,10,19,0
2019,4,7,TOR,MIA,117,109,1,39,87,16,41,23,27,4,43,26,7,5,11,17,0,41,100,13,34,14,19,12,43,27,5,2,11,22,0
2019,4,7,CLE,SAS,90,112,0,31,79,8,29,20,27,10,25,16,14,1,17,16,1,43,82,9,22,17,22,11,38,27,10,5,18,18,0
2019,4,7,MIN,OKC,126,132,0,46,85,10,23,24,29,6,26,29,9,5,13,24,1,48,92,14,34,22,26,14,32,27,6,4,13,30,0
2019,4,7,DET,CHO,91,104,0,34,92,10,41,13,15,18,37,20,3,7,9,18,1,38,88,10,31,18,23,8,36,23,5,3,5,13,0
2019,4,7,IND,BRK,96,108,0,41,85,10,27,4,7,5,28,27,6,3,13,18,1,40,88,11,36,17,22,17,35,23,7,4,15,13,0
2019,4,7,MEM,DAL,127,129,0,42,98,19,44,24,28,10,43,32,4,4,7,24,1,45,98,12,41,27,34,11,40,31,4,5,6,23,0
2019,4,7,HOU,PHO,149,113,1,53,100,27,57,16,21,12,40,34,12,5,9,16,0,43,93,11,34,16,21,8,34,26,8,0,13,18,0
2019,4,7,MIL,ATL,115,107,1,40,91,9,41,26,34,11,50,19,8,10,14,23,0,40,100,17,45,10,19,9,39,25,2,3,11,28,0
2019,4,7,BOS,ORL,108,116,0,42,89,12,31,12,14,6,33,28,9,4,13,19,1,41,90,12,33,22,22,11,34,29,9,7,14,14,0
2019,4,7,NYK,WAS,113,110,1,41,80,17,34,14,19,7,36,24,5,9,15,14,0,43,103,10,34,14,18,21,29,24,12,4,8,16,0
2019,4,9,CLE,CHO,97,124,0,40,89,11,30,6,8,14,27,24,3,2,14,18,1,45,78,22,44,12,17,5,32,35,8,7,10,13,0
2019,4,9,DET,MEM,100,93,1,35,88,10,34,20,28,14,26,16,13,4,9,21,0,33,69,10,24,17,21,7,36,19,4,6,21,24,0
2019,4,9,WAS,BOS,110,116,0,41,97,14,39,14,18,13,45,28,2,3,15,18,1,45,99,15,44,11,23,13,37,27,10,3,5,17,0
2019,4,9,MIA,PHI,122,99,1,46,87,13,27,17,23,7,37,29,6,10,14,18,0,40,98,5,25,14,16,11,35,22,11,0,14,19,0
2019,4,10,CHI,NYK,86,96,0,45,95,9,24,10,15,9,30,21,4,3,7,13,0,31,77,9,30,18,25,4,29,23,7,5,11,17,0
2019,4,10,UTA,DEN,118,108,0,47,106,14,35,29,33,17,40,31,8,11,17,24,1,39,87,10,33,11,17,12,41,23,6,4,12,12,0
2019,4,13,PHI,BRK,102,111,0,35,86,3,25,29,42,16,34,20,6,11,13,24,1,38,88,11,26,24,26,10,35,15,9,2,11,27,0
2019,4,13,TOR,ORL,101,104,0,40,88,12,36,9,14,6,39,23,4,4,12,19,1,36,90,14,29,18,20,10,38,19,9,4,11,19,0
2019,4,14,BOS,IND,84,74,1,28,77,10,28,18,22,7,48,18,8,2,17,20,0,28,84,6,27,12,21,9,33,22,8,5,13,20,0
2019,4,14,POR,OKC,104,99,1,36,86,11,25,21,27,13,35,14,8,9,18,17,0,37,93,5,33,20,23,18,31,18,10,4,16,26,0
2019,4,14,MIL,DET,121,86,1,44,90,15,43,18,26,8,46,31,7,8,10,16,0,35,92,8,27,8,13,7,39,22,7,2,13,21,0
2019,4,17,BOS,IND,99,91,1,40,84,11,28,8,9,7,41,22,3,5,14,16,0,36,81,13,34,6,10,4,32,23,11,3,11,16,0
2019,4,19,ORL,TOR,93,98,0,29,80,13,44,22,23,7,35,19,8,5,16,17,1,39,87,11,28,9,10,8,35,26,9,3,13,23,0
2019,4,20,BRK,PHI,108,112,0,36,90,12,38,24,31,13,29,23,9,4,14,26,1,44,88,8,26,16,21,12,43,25,6,8,18,24,0
2019,4,20,SAS,DEN,103,117,0,37,79,5,17,24,32,11,35,23,4,4,9,22,1,40,89,15,31,22,24,11,34,25,4,2,7,22,0
2019,4,21,IND,BOS,106,110,0,36,88,10,28,24,28,11,32,18,5,2,12,25,1,36,78,11,28,27,34,7,36,18,7,1,16,23,0
2019,4,21,LAC,GSW,105,113,0,34,80,13,31,24,32,4,29,22,8,4,10,21,1,42,89,12,31,17,19,11,38,27,5,2,13,27,0
2019,4,21,ORL,TOR,85,107,0,34,81,7,33,10,13,7,27,20,7,2,17,19,1,40,75,11,28,16,18,7,38,23,11,6,14,20,0
2019,4,23,TOR,ORL,115,96,1,41,85,15,36,18,21,8,40,34,8,3,14,30,0,32,83,9,34,23,31,12,36,20,7,5,16,21,0
2019,4,27,TOR,PHI,108,95,1,41,79,9,27,17,24,2,38,21,3,6,10,24,0,35,89,11,32,14,21,13,34,23,5,2,14,21,0
2019,4,28,MIL,BOS,90,112,0,31,89,13,39,15,24,7,37,19,5,2,9,11,1,47,87,13,31,5,8,3,48,25,4,11,10,21,0
2019,4,28,GSW,HOU,104,100,1,38,75,7,22,21,27,8,30,24,7,3,20,24,0,31,74,14,47,24,29,3,23,14,14,3,14,21,0
2019,5,5,PHI,TOR,96,101,0,33,82,12,38,18,25,11,32,22,8,6,12,23,1,35,76,10,31,21,26,8,35,19,6,3,13,24,0
2019,5,5,POR,DEN,112,116,0,39,82,12,28,22,28,12,31,18,4,5,14,27,1,40,92,11,25,25,28,17,28,21,7,4,8,22,0
2019,5,6,BOS,MIL,101,113,0,34,90,9,41,24,30,9,42,25,4,5,11,20,1,44,100,8,37,17,25,11,45,25,5,5,8,25,0
2019,5,12,DEN,POR,96,100,0,33,89,2,19,28,39,13,38,15,1,9,5,23,1,38,93,4,26,20,24,12,43,16,5,7,4,31,0
2019,5,12,TOR,PHI,92,90,1,34,89,7,30,17,19,16,33,15,10,4,10,22,0,28,65,9,27,25,30,5,36,16,4,7,15,21,0
2019,5,19,TOR,MIL,118,112,1,40,102,17,45,21,26,8,47,28,11,10,17,30,0,38,102,14,44,22,33,13,50,22,14,5,20,30,0
2019,10,23,CHO,CHI,126,125,1,45,88,23,44,13,16,9,32,28,3,4,19,18,0,49,105,9,30,18,22,20,29,25,11,4,10,20,0
2019,10,23,IND,DET,110,119,0,41,89,8,21,20,24,10,26,26,8,6,15,28,1,41,78,11,24,26,33,10,35,26,5,6,18,21,0
2019,10,23,ORL,CLE,94,85,1,37,86,9,30,11,19,7,39,24,12,4,13,18,0,33,88,9,34,10,15,10,44,20,8,2,16,15,0
2019,10,23,BRK,MIN,126,127,0,48,101,15,34,15,26,10,38,19,8,9,16,30,1,46,108,13,43,22,28,12,40,23,9,4,13,22,0
2019,10,23,MIA,MEM,120,101,1,40,85,7,18,33,39,11,40,18,9,8,21,33,0,38,89,5,32,20,30,9,31,22,9,7,24,31,0
2019,10,23,PHI,BOS,107,93,1,37,85,7,29,26,36,12,50,24,6,7,15,34,0,33,90,7,26,20,34,10,31,18,4,2,10,29,0
2019,10,24,DET,ATL,100,117,0,35,85,10,37,20,22,9,30,20,6,5,13,20,1,44,86,11,31,18,21,8,34,27,9,2,13,15,0
2019,10,25,BOS,TOR,112,106,1,42,109,13,38,15,16,21,35,21,10,8,9,20,0,37,78,18,36,14,17,5,41,22,2,6,23,28,0
2019,10,25,CHO,MIN,99,121,0,37,84,12,29,13,26,9,33,26,6,5,19,29,1,43,91,12,38,23,31,13,39,30,11,6,15,21,0
2019,10,25,BRK,NYK,113,109,1,37,78,16,37,23,34,11,35,21,11,2,26,26,0,38,81,17,25,16,28,9,30,17,14,4,26,31,0
2019,10,26,MIL,MIA,126,131,0,41,94,17,54,27,35,5,42,22,8,4,18,32,1,46,101,16,44,23,36,8,46,33,7,3,16,30,0
2019,10,26,DET,PHI,111,117,0,41,76,8,19,21,36,5,30,20,11,7,23,28,1,42,87,13,34,20,30,6,32,30,14,3,22,26,0
2019,10,26,ATL,ORL,103,99,1,43,84,9,30,8,15,9,43,22,5,9,18,26,0,35,99,5,31,24,26,17,29,15,8,7,10,15,0
2019,10,26,NYK,BOS,95,118,0,31,82,7,27,26,34,16,39,15,7,4,23,26,1,42,93,15,41,19,29,13,33,24,14,9,12,26,0
2019,10,27,OKC,GSW,120,92,1,44,78,15,32,17,22,8,42,24,8,5,23,26,0,30,92,5,33,27,31,12,27,17,13,2,14,15,0
2019,10,27,MEM,BRK,134,133,1,50,103,14,33,20,25,8,41,33,9,10,12,29,0,44,101,15,45,30,37,11,42,28,6,5,17,22,0
2019,10,27,DAL,POR,119,121,0,37,94,13,50,32,41,12,34,27,7,3,11,22,1,45,87,9,22,22,26,7,41,13,6,4,16,30,0
2019,10,27,MIN,MIA,116,109,1,39,91,13,45,25,33,14,32,24,12,1,16,17,0,42,85,15,36,10,15,7,34,25,7,9,21,23,0
2019,10,28,DET,IND,96,94,1,37,81,13,24,9,10,9,39,21,2,3,20,18,0,39,94,6,21,10,13,13,32,24,11,4,7,18,0
2019,10,28,NYK,CHI,105,98,1,38,91,9,29,20,32,25,38,19,3,6,17,19,0,36,85,9,35,17,21,8,30,19,6,5,9,22,0
2019,10,28,ATL,PHI,103,105,0,36,84,9,27,22,32,8,37,23,12,3,21,25,1,37,88,11,41,20,25,12,37,22,12,11,21,29,0
2019,10,28,TOR,ORL,104,95,1,33,85,10,39,28,30,6,46,19,9,2,16,20,0,34,89,12,39,15,18,8,39,22,9,6,16,20,0
2019,10,29,MIA,ATL,112,97,1,33,73,13,31,33,45,13,36,19,11,6,26,22,0,35,83,11,39,16,24,9,24,28,14,7,20,29,0
2019,10,30,PHI,MIN,117,95,1,43,92,9,25,22,28,16,40,24,14,6,22,27,0,32,81,10,35,21,28,6,28,12,13,6,21,21,0
2019,10,30,ORL,NYK,95,83,1,37,88,12,32,9,12,14,38,24,5,6,7,17,0,31,82,7,31,14,20,10,34,19,1,10,11,15,0
2019,10,30,CLE,CHI,117,111,1,41,78,10,24,25,31,10,37,25,3,7,17,21,0,39,90,14,39,19,23,9,23,25,6,5,6,24,0
2019,10,30,BRK,IND,108,118,0,41,93,10,31,16,26,18,36,21,6,5,19,19,1,45,96,11,26,17,20,11,30,25,9,2,9,24,0
2019,10,30,BOS,MIL,116,105,1,41,92,17,41,17,21,5,40,25,4,4,9,20,0,38,82,14,45,15,24,5,40,21,3,4,15,21,0
2019,10,30,TOR,DET,125,113,1,51,86,13,27,10,12,3,31,30,12,2,14,22,0,41,88,14,30,17,23,11,31,30,5,1,20,15,0
2019,10,31,ATL,MIA,97,106,0,36,88,7,34,18,26,16,34,20,5,5,16,15,1,40,84,14,37,12,19,9,32,29,12,9,13,18,0
2019,11,1,BRK,HOU,123,116,1,42,85,19,32,20,28,10,45,26,8,7,20,21,0,41,99,12,48,22,27,9,31,21,13,4,12,21,0
2019,11,1,IND,CLE,102,95,1,39,96,5,27,19,21,13,45,20,8,10,13,24,0,32,87,11,32,20,25,3,42,20,9,1,16,21,0
2019,11,1,ORL,MIL,91,123,0,34,91,12,37,11,17,10,30,21,8,3,16,16,1,47,93,17,47,12,18,11,47,24,11,4,13,19,0
2019,11,1,BOS,NYK,104,102,1,33,74,11,34,27,29,3,41,21,7,4,14,16,0,37,93,14,38,14,21,16,35,22,9,4,13,23,0
2019,11,2,OKC,NOP,115,104,1,41,90,15,37,18,23,8,36,20,8,11,12,20,0,40,94,11,32,13,22,17,39,25,7,5,16,25,0
2019,11,2,DET,BRK,113,109,1,41,91,8,27,23,29,5,36,21,8,7,8,18,0,43,93,10,32,13,17,10,38,24,4,4,14,24,0
2019,11,2,ORL,DEN,87,91,0,37,86,6,29,7,11,10,37,22,8,7,15,25,1,27,73,9,28,28,39,7,34,15,8,3,13,14,0
2019,11,3,IND,CHI,108,95,1,40,85,8,26,20,27,10,39,28,6,10,16,24,0,36,84,9,29,14,25,6,36,27,8,2,18,21,0
2019,11,3,MIA,HOU,129,100,1,47,89,18,41,17,22,5,41,38,14,7,15,21,0,31,79,14,48,24,31,4,34,19,6,5,22,24,0
2019,11,3,NYK,SAC,92,113,0,32,80,8,31,20,31,9,29,18,6,5,13,23,1,41,85,15,39,16,25,10,40,25,7,5,14,29,0
2019,11,9,SAS,BOS,115,135,0,39,99,14,30,23,30,21,36,24,1,8,15,22,1,48,94,14,37,25,28,7,36,28,11,11,8,25,0
2019,11,10,MIN,DEN,98,100,0,34,97,6,45,24,33,15,38,22,9,10,12,23,1,39,101,11,28,11,17,14,43,26,6,4,20,30,0
2019,11,10,ORL,IND,102,109,0,41,89,15,36,5,6,7,30,27,5,11,10,10,1,48,91,9,20,4,5,10,33,31,6,3,9,13,0
2019,11,10,PHI,CHO,114,106,1,46,84,10,28,12,16,10,39,29,9,5,20,16,0,38,84,14,33,16,22,6,25,22,9,1,13,19,0
2019,11,14,CLE,MIA,97,108,0,36,85,8,32,17,21,11,30,18,14,2,18,16,1,43,79,12,30,10,11,4,37,31,10,7,18,21,0
2019,11,16,HOU,IND,111,102,1,43,94,19,49,20,22,14,28,15,7,3,12,18,0,32,100,12,34,7,9,14,40,19,8,7,13,10,0
2019,11,16,CHI,BRK,111,117,0,32,91,9,39,38,41,17,39,15,8,2,19,30,1,40,88,10,43,27,31,5,35,30,10,9,15,30,0
2019,11,17,CLE,PHI,95,114,0,34,90,6,25,21,24,11,31,14,9,5,14,21,1,46,84,9,23,13,17,4,40,33,6,11,13,22,0
2019,11,17,SAC,BOS,100,99,1,38,89,14,35,10,12,10,35,22,8,7,12,24,0,34,82,10,30,21,24,10,36,26,7,3,14,14,0
2019,11,17,MEM,DEN,114,131,0,39,84,16,36,20,24,9,36,29,4,3,16,17,1,49,89,18,32,15,23,6,33,36,10,10,12,24,0
2019,11,17,ORL,WAS,125,121,1,43,87,15,38,24,26,11,41,25,5,3,14,15,0,46,97,19,41,10,12,9,29,31,7,2,9,21,0
2019,11,23,DET,ATL,128,103,0,37,91,10,35,6,10,6,34,22,7,3,15,18,0,47,90,14,34,8,11,8,30,32,9,7,15,27,0
2019,11,23,CHI,MIA,108,116,1,43,95,22,47,8,12,13,26,27,12,3,13,20,0,30,75,6,24,20,27,9,29,12,6,4,17,16,0
2019,11,23,PHI,SAS,115,104,1,42,83,14,29,15,17,8,36,28,11,2,14,27,1,40,75,12,23,19,28,9,38,26,7,3,22,17,0
2019,11,23,MIN,PHO,98,100,0,38,91,12,42,10,17,9,48,26,2,10,14,23,1,33,96,10,35,24,26,12,44,22,9,3,7,17,0
2019,11,24,HOU,DAL,123,137,0,45,98,10,44,23,31,15,39,26,5,2,11,26,1,49,102,17,44,22,28,12,34,28,9,5,12,22,0
2019,11,24,NYK,BRK,101,103,0,37,80,18,35,9,16,9,34,22,6,4,16,29,1,31,77,14,38,27,34,7,28,18,6,1,11,16,0
2019,11,24,WAS,SAC,106,113,0,42,92,13,34,9,12,12,33,29,5,2,16,23,1,39,81,11,31,24,28,6,33,22,9,5,13,17,0
2019,11,29,BRK,BOS,112,107,1,43,93,17,41,9,13,13,36,30,9,6,18,24,0,41,93,9,28,16,21,16,32,16,11,7,19,14,0
2019,11,30,IND,ATL,105,104,0,42,76,11,22,21,25,3,28,22,7,3,19,24,0,38,89,15,46,20,25,8,21,26,5,2,13,23,0
2019,11,30,SAC,DEN,100,97,1,37,96,8,33,18,21,13,37,22,12,4,14,23,0,36,87,11,32,14,21,9,39,23,11,5,16,21,0
2019,12,1,BRK,MIA,106,109,0,40,91,14,42,12,16,9,39,24,3,5,12,21,1,37,95,12,37,23,28,16,35,16,3,2,9,17,0
2019,12,1,MIN,MEM,107,115,0,33,85,11,36,30,35,10,43,22,7,6,16,21,1,41,100,16,40,17,21,12,38,27,8,3,11,26,0
2019,12,1,NYK,BOS,104,113,0,35,76,8,26,26,37,8,31,15,7,6,14,25,1,41,93,15,41,16,22,16,28,25,5,7,13,28,0
2019,12,1,LAL,DAL,100,114,0,40,87,7,27,13,16,9,36,25,9,3,17,14,1,42,97,17,49,13,18,16,35,24,11,1,13,20,0
2019,12,1,DET,SAS,132,98,1,52,88,15,31,13,18,11,39,33,5,5,15,14,0,36,88,7,26,19,22,7,24,20,11,6,8,15,0
2019,12,1,NOP,OKC,104,107,0,39,87,17,38,9,10,3,38,22,6,7,11,22,1,38,81,11,33,20,26,5,42,19,5,3,11,14,0
2019,12,1,ORL,GSW,100,96,1,37,87,11,33,15,22,12,36,21,7,8,12,20,0,36,91,6,23,18,23,15,31,21,6,5,10,17,0
2019,12,1,TOR,UTA,130,110,1,47,90,19,36,17,21,7,36,36,14,8,14,24,0,38,90,13,35,21,29,15,36,21,5,3,18,17,0
2019,12,7,DAL,NOP,130,84,1,46,86,13,38,25,31,8,47,25,8,4,12,17,0,32,89,3,32,17,21,8,26,17,4,2,14,23,0
2019,12,8,BRK,DEN,105,102,1,40,87,7,28,18,23,10,38,25,5,1,11,15,0,36,89,18,42,12,14,7,30,25,4,5,12,23,0
2019,12,8,CHO,ATL,107,122,0,36,90,11,31,24,29,13,31,22,8,3,11,17,1,44,91,18,45,16,17,11,37,28,8,8,13,24,0
2019,12,8,MIA,CHI,110,105,1,32,77,11,35,35,44,10,33,20,9,2,17,23,0,35,80,13,36,22,27,6,33,20,8,1,14,31,0
2019,12,8,PHI,TOR,110,104,1,40,79,14,32,16,21,6,34,31,7,5,18,18,0,38,88,11,33,17,20,13,29,21,13,4,18,22,0
2019,12,8,WAS,LAC,119,135,0,40,88,14,33,25,30,8,30,28,5,3,13,22,1,50,96,15,40,20,27,9,36,27,8,4,10,26,0
2019,12,14,MEM,MIL,114,127,1,48,84,11,27,21,24,9,37,32,11,7,23,24,1,46,85,14,37,19,26,8,33,26,12,6,12,17,0
2019,12,14,PHO,SAS,119,121,0,45,103,10,40,19,26,6,53,29,5,5,10,24,1,44,106,8,30,25,34,10,52,23,6,9,11,22,0
2019,12,15,NOP,ORL,119,130,0,47,88,19,43,6,12,11,29,34,6,7,17,21,1,46,89,17,34,21,26,8,31,32,8,2,9,15,0
2019,12,15,IND,CHO,107,85,1,40,88,10,35,17,20,8,43,30,6,9,9,25,0,28,91,5,32,24,35,17,39,18,4,5,10,21,0
2019,12,15,ATL,LAL,96,101,0,31,86,12,42,22,25,8,34,18,8,5,19,27,1,36,84,5,31,24,33,13,43,21,14,9,22,24,0
2019,12,15,BRK,PHI,109,89,1,43,94,9,24,14,18,12,39,22,9,1,16,23,0,37,86,5,26,10,17,7,31,19,9,13,16,20,0
2019,12,21,CHO,UTA,107,114,0,39,85,12,29,17,22,11,25,20,13,4,14,25,1,39,75,17,34,19,20,8,34,27,7,4,21,27,0
2019,12,21,BRK,ATL,122,112,1,46,100,11,30,19,28,12,49,23,8,4,15,18,0,39,105,11,48,23,27,14,38,17,7,5,10,22,0
2019,12,22,TOR,DAL,110,107,1,37,94,10,34,26,31,14,37,21,12,5,10,21,0,35,90,15,46,22,27,14,39,27,6,4,17,22,0
2019,12,22,BOS,CHO,119,93,1,46,88,14,32,13,16,10,47,25,2,9,11,24,0,33,82,10,34,17,23,2,25,26,3,5,3,17,0
2019,12,25,TOR,BOS,102,118,0,38,80,8,23,18,22,7,27,17,13,7,17,13,1,46,92,14,33,12,14,13,32,26,7,3,19,22,0
2019,12,25,PHI,MIL,121,109,1,44,101,21,44,12,15,14,35,29,9,7,7,12,0,45,95,13,33,6,8,8,39,23,6,6,10,15,0
2019,12,25,GSW,HOU,116,104,1,41,87,9,28,25,28,11,43,27,7,8,16,18,0,37,100,16,51,14,16,14,35,19,8,3,12,25,0
2019,12,27,BOS,CLE,129,117,1,49,95,14,40,17,19,12,31,28,4,10,11,23,0,44,85,9,23,20,29,6,32,22,7,3,11,17,0
2019,12,28,ORL,PHI,98,97,0,35,87,14,35,16,19,5,29,21,16,7,11,17,0,42,89,10,30,22,29,8,39,24,5,4,9,24,0
2019,12,28,ATL,MIL,86,112,0,32,86,9,34,8,11,9,30,24,8,5,19,16,1,43,84,13,37,12,18,14,44,30,6,5,23,13,0
2019,12,28,MIA,IND,113,112,1,42,94,10,28,23,29,8,35,26,6,4,8,21,0,33,85,6,28,26,29,12,34,17,6,2,18,16,0
2019,12,28,GSW,PHO,105,96,0,45,93,18,39,13,17,9,33,28,4,3,13,19,1,45,86,9,26,13,15,7,33,30,10,2,13,21,0
2019,12,28,DEN,MEM,119,110,1,45,93,9,29,20,27,10,33,28,9,4,10,20,0,41,84,9,30,19,25,11,34,32,5,5,17,24,0
2019,12,29,TOR,OKC,97,98,0,35,83,15,40,12,12,8,34,21,7,2,14,20,1,34,78,10,33,20,23,8,35,15,8,6,17,14,0
2019,12,31,CHO,BOS,92,109,0,34,86,12,34,12,16,8,33,25,7,4,17,16,1,44,97,14,38,7,10,15,39,25,12,9,10,16,0
2019,12,31,IND,PHI,115,97,1,42,86,11,25,20,26,5,33,35,3,6,6,16,0,37,91,6,29,17,20,14,33,24,4,6,12,22,0
2019,12,31,SAC,LAC,87,105,0,33,80,8,28,13,19,11,30,20,8,5,15,23,1,36,88,12,36,21,22,14,37,21,9,2,11,17,0
2020,1,1,WAS,ORL,101,122,0,33,87,9,31,26,31,9,37,18,5,4,13,23,1,45,95,12,32,20,27,11,41,25,11,6,9,21,0
2020,1,4,BOS,ATL,109,106,1,43,82,8,19,17,21,13,31,22,10,5,19,22,1,42,82,10,32,22,24,4,36,22,8,4,13,28,0
2020,1,4,LAC,MEM,114,140,0,45,101,7,30,17,22,14,35,20,3,1,13,22,1,49,96,18,39,24,28,11,43,36,8,10,9,23,0
2020,1,4,BRK,TOR,102,121,0,32,67,13,35,25,34,6,32,24,4,11,24,24,1,44,97,13,32,20,28,15,28,21,10,4,7,25,0
2020,1,5,LAC,NYK,135,132,1,45,83,18,32,27,33,10,32,25,4,3,19,27,0,48,84,12,23,24,37,8,29,22,11,4,16,26,0
2020,1,5,MIA,POR,122,111,1,47,90,18,44,10,16,11,36,34,4,5,10,17,0,40,87,13,37,18,20,8,32,21,5,4,10,15,0
2020,1,11,DAL,LAL,114,129,1,40,79,11,27,18,27,11,43,22,4,8,15,20,1,51,99,15,32,8,10,12,42,21,3,4,12,17,0
2020,1,11,HOU,MIN,139,109,1,49,95,18,45,23,29,12,46,29,9,6,18,24,0,36,95,13,48,24,36,13,31,28,12,4,18,18,0
2020,1,12,NYK,MIA,124,121,1,46,90,9,31,23,28,10,29,24,11,3,6,23,0,42,78,14,35,23,28,8,31,24,1,5,14,24,0
2020,1,12,WAS,UTA,116,127,0,47,93,7,22,15,17,9,28,28,5,4,9,18,1,48,90,10,30,21,25,12,32,24,6,2,11,18,0
2020,1,12,BRK,ATL,108,86,1,41,77,10,26,16,29,7,55,25,8,2,24,20,0,32,97,12,48,10,11,4,29,23,16,4,12,23,0
2020,1,12,MEM,GSW,122,102,1,45,100,11,35,21,25,18,42,33,17,7,16,16,0,35,92,17,34,15,21,12,35,23,11,6,22,18,0
2020,1,12,TOR,SAS,104,105,0,39,96,17,48,9,11,8,37,30,7,3,11,23,1,38,87,7,32,22,30,9,42,24,6,5,11,11,0
2020,1,18,PHI,CHI,100,89,1,34,78,10,32,12,19,5,36,26,8,6,13,19,1,48,87,9,25,13,17,4,22,25,18,4,12,24,0
2020,1,18,NOP,LAC,130,133,0,46,86,15,41,23,36,12,36,32,7,4,21,26,1,46,93,10,31,31,39,10,26,22,12,2,12,29,0
2020,1,18,BRK,MIL,97,117,0,33,99,15,49,16,17,12,35,23,11,7,17,19,1,45,89,17,37,10,16,5,49,30,8,6,20,16,0
2020,1,19,SAS,MIA,107,102,1,36,85,12,33,23,24,9,34,27,5,4,11,18,0,37,86,10,34,18,20,10,37,23,8,3,9,19,0
2020,1,20,DEN,IND,107,115,1,43,90,11,31,10,12,13,40,26,9,1,13,18,0,39,93,7,26,3,7,9,21,23,15,9,13,14,0
2020,1,20,WAS,DET,106,100,1,42,82,9,24,13,16,6,38,22,9,6,19,23,0,38,89,10,32,14,20,11,30,19,10,5,17,18,0
2020,1,20,ATL,TOR,117,122,0,41,83,12,33,23,33,9,41,26,9,8,23,34,1,38,92,13,42,33,43,12,33,25,13,3,14,25,0
2020,1,20,BRK,PHI,111,117,0,39,81,11,29,22,34,13,34,22,7,2,22,23,1,42,94,13,39,20,27,12,31,30,12,6,12,24,0
2020,1,20,CHO,ORL,83,106,0,29,76,10,33,15,20,9,30,21,4,5,18,18,1,44,92,14,28,4,9,15,32,25,9,4,9,15,0
2020,1,20,CLE,NYK,86,106,0,32,94,11,33,11,17,16,37,15,5,4,10,14,1,41,85,9,23,15,17,7,42,17,6,9,10,17,0
2020,1,20,HOU,OKC,107,112,0,43,97,9,45,12,17,9,34,21,6,7,11,23,1,40,92,12,32,20,26,7,40,14,8,6,12,18,0
2020,1,20,MEM,NOP,116,126,0,46,103,9,33,15,21,15,36,26,8,3,14,19,1,42,88,21,48,21,24,5,38,24,7,7,16,18,0
2020,1,20,MIA,SAC,118,113,1,42,83,16,42,18,22,5,37,26,9,3,21,20,0,44,106,13,51,12,15,16,33,27,11,3,15,21,0
2020,1,20,MIL,CHI,111,98,1,45,77,11,26,10,23,3,45,34,7,5,23,15,0,34,92,14,48,16,18,7,32,18,11,2,16,21,0
2020,1,24,CHO,MIL,103,116,0,32,86,14,39,25,30,8,31,24,6,3,13,22,1,44,87,10,36,18,24,12,41,26,8,8,15,22,0
2020,1,25,UTA,DAL,112,107,1,40,91,15,43,17,22,12,42,22,5,6,13,21,0,42,97,16,41,7,13,10,34,19,6,3,9,24,0
2020,1,26,DEN,HOU,117,110,1,44,93,11,28,18,20,11,31,28,10,3,14,23,0,40,88,11,33,19,27,15,29,19,6,7,16,21,0
2020,1,26,SAS,TOR,106,110,0,34,82,16,37,22,24,7,41,27,5,8,16,15,1,41,99,16,50,12,15,14,36,31,11,2,8,22,0
2020,1,26,ATL,WAS,152,133,1,54,93,15,35,29,34,12,36,30,7,3,14,35,0,42,88,11,33,38,42,8,26,20,5,7,11,26,0
2020,1,26,MEM,PHO,114,109,1,44,84,8,19,18,26,8,38,25,10,8,25,27,0,35,92,11,29,28,35,12,30,23,14,7,17,27,0
2020,1,26,NOP,BOS,123,108,1,44,92,16,36,19,29,18,36,31,7,5,18,21,0,41,89,8,33,18,22,7,30,21,6,5,16,29,0
2020,1,26,NYK,BRK,110,97,1,49,92,6,19,6,13,14,34,19,7,8,13,23,0,34,81,13,39,16,23,7,27,21,6,4,14,14,0
2020,1,26,ORL,LAC,97,112,0,34,95,7,32,22,32,16,28,27,9,7,6,23,1,37,79,13,30,25,29,12,41,20,2,7,17,26,0
2020,2,1,LAL,POR,119,127,1,44,86,19,43,22,27,11,35,33,10,5,14,22,1,47,92,15,29,15,18,14,37,20,4,5,12,19,0
2020,2,1,LAC,MIN,118,106,1,45,98,12,34,16,18,12,38,20,8,7,13,30,0,34,84,7,39,31,37,6,38,24,9,4,17,20,0
2020,2,2,DET,DEN,128,123,1,48,94,14,31,18,24,11,32,33,4,2,11,22,0,48,96,10,32,17,22,14,33,30,7,7,9,19,0
2020,2,2,HOU,NOP,117,109,1,41,105,16,51,19,22,11,32,22,14,3,7,18,0,42,94,10,33,15,20,16,47,21,6,6,21,16,0
2020,2,2,MIL,PHO,129,108,1,48,97,15,38,18,27,16,44,30,4,12,16,25,0,41,104,6,23,20,23,15,34,20,8,3,10,24,0
2020,2,2,TOR,CHI,129,102,1,47,84,16,34,19,23,12,34,28,6,5,15,18,0,35,90,15,48,17,26,17,24,25,10,0,16,21,0
2020,2,8,IND,TOR,106,115,0,44,83,9,26,20,27,2,35,25,5,9,14,25,1,45,95,14,35,15,21,13,35,22,6,5,7,22,0
2020,2,8,ORL,MIL,95,111,0,37,98,10,40,11,14,10,36,28,10,6,9,15,1,42,93,15,39,12,16,10,52,26,4,5,16,11,0
2020,2,9,OKC,BOS,111,112,0,39,86,11,27,22,29,12,32,14,3,3,10,21,1,38,84,16,36,20,27,14,39,19,6,2,9,24,0
2020,2,9,ATL,NYK,140,135,1,49,108,14,40,28,31,11,39,29,9,8,14,24,0,52,110,13,34,18,25,15,41,30,12,6,17,29,0
2020,2,9,PHI,CHI,118,111,1,42,84,11,27,23,32,15,29,29,12,6,16,18,0,43,88,12,32,13,17,14,28,23,8,3,18,24,0
2020,2,9,WAS,MEM,99,106,0,35,100,7,33,22,29,9,41,25,7,4,7,22,1,43,102,5,32,15,25,13,49,19,4,4,13,23,0
2020,2,22,LAC,SAC,103,112,0,34,87,10,30,25,29,13,34,20,7,3,19,22,1,40,89,12,31,20,26,11,37,25,11,4,13,24,0
2020,2,23,LAL,BOS,114,112,1,39,86,11,34,25,37,11,35,20,9,4,13,22,0,38,83,13,34,23,30,8,36,20,7,3,17,29,0
2020,2,23,DEN,MIN,128,116,1,53,90,11,30,11,17,5,33,29,9,7,13,24,0,40,90,14,40,22,29,9,29,26,7,2,15,16,0
2020,2,23,TOR,IND,127,81,1,47,92,17,44,16,18,10,47,32,9,10,17,21,0,31,95,8,33,11,17,12,27,23,13,4,17,20,0
2020,2,28,OKC,SAC,112,108,0,33,91,6,35,14,20,5,31,14,8,3,14,15,1,38,91,11,38,17,21,8,39,24,11,3,9,16,0
2020,2,29,ATL,BRK,141,118,1,46,84,18,42,19,22,5,31,34,7,5,18,18,0,40,86,16,44,17,23,8,36,30,3,3,10,23,0
2020,2,29,NYK,CHI,125,115,1,47,85,8,20,23,33,17,33,29,6,4,16,19,0,41,89,17,35,16,23,13,20,26,12,3,8,22,0
2020,3,1,CHO,MIL,85,93,0,34,96,8,35,9,10,12,35,22,7,8,10,18,1,35,87,7,31,16,21,15,46,20,7,6,16,11,0
2020,3,1,LAC,PHI,136,130,1,45,76,13,24,33,41,6,31,25,6,6,10,17,0,48,95,21,43,13,20,10,27,27,7,4,9,28,0
2020,3,1,MIN,DAL,91,111,0,36,99,13,42,6,15,14,43,19,9,3,13,17,1,44,94,11,40,12,19,6,50,28,10,7,14,16,0
2020,3,1,DEN,TOR,133,118,1,47,83,18,36,21,30,7,34,38,6,1,16,22,0,41,89,10,38,26,29,8,28,24,9,4,11,24,0
2020,3,1,SAC,DET,106,100,1,37,91,9,35,23,26,17,34,18,8,7,10,20,0,33,80,18,42,16,24,7,35,23,6,4,14,25,0
2020,3,4,BOS,BRK,120,129,1,40,86,11,30,21,26,13,36,16,10,7,11,20,0,30,90,7,42,12,17,13,29,15,6,4,13,17,0
2020,3,4,NOP,MIN,134,139,0,50,114,17,46,6,11,15,37,28,8,4,14,23,1,40,81,19,43,16,25,10,33,27,5,4,17,15,0
2020,3,7,CHO,HOU,108,99,1,37,70,15,32,19,25,6,24,29,7,1,17,15,0,35,76,15,45,14,20,13,29,22,9,3,20,25,0
2020,3,8,BRK,CHI,110,107,1,32,64,11,30,35,41,5,45,21,4,5,28,24,0,39,92,12,34,17,25,5,26,23,14,3,7,31,0
2020,3,8,MIN,NOP,107,120,0,37,94,8,33,25,31,9,33,20,15,3,17,23,1,44,90,11,35,21,31,10,44,28,7,5,25,23,0
2020,3,8,LAC,LAL,103,112,0,34,86,7,31,28,37,15,34,12,5,5,15,26,1,39,87,10,35,24,28,9,36,22,8,7,12,28,0
2020,3,8,BOS,OKC,104,105,0,38,92,13,37,15,19,11,35,22,9,5,13,25,1,35,79,10,25,25,34,4,35,16,9,7,16,22,0
2020,3,8,PHO,MIL,140,131,1,47,85,19,43,27,31,8,39,30,6,4,14,23,0,51,95,13,33,16,21,7,29,23,7,3,10,29,0
2020,3,8,WAS,MIA,89,100,0,26,78,19,47,18,21,4,25,19,11,2,13,26,1,32,66,13,28,23,28,5,41,21,7,8,20,25,0
2020,3,8,DAL,IND,109,112,0,39,91,14,43,17,25,9,33,19,7,5,10,17,1,46,88,8,23,12,18,6,41,23,5,6,10,23,0
2020,3,8,HOU,ORL,106,126,0,39,88,9,32,19,25,11,27,21,10,7,18,23,1,44,91,13,29,25,31,13,36,21,11,4,14,17,0
2020,3,8,NYK,DET,96,84,1,36,82,6,19,18,25,13,38,15,10,5,9,16,0,29,80,11,38,15,22,5,30,21,8,2,11,19,0
2020,3,8,CLE,SAS,132,129,1,43,94,13,34,33,45,14,46,26,4,4,18,24,0,43,98,10,26,33,36,6,38,20,15,6,9,34,0
2020,3,9,ATL,CHO,143,138,1,53,96,21,43,16,27,12,41,33,1,5,15,26,0,49,104,19,48,21,23,8,27,31,9,6,3,22,0
2020,3,10,WAS,NYK,122,115,1,35,74,14,35,38,45,9,28,23,8,4,16,25,0,42,81,8,21,23,31,8,28,30,10,3,18,29,0
2020,3,10,IND,BOS,111,114,0,46,93,9,24,10,11,10,33,23,5,8,12,20,1,41,93,13,37,19,22,11,35,19,9,4,8,15,0
2020,3,11,PHI,DET,124,106,1,42,83,14,33,26,32,13,37,28,7,4,13,18,0,39,84,11,35,17,25,6,26,25,10,3,8,24,0
2020,3,11,ATL,NYK,131,136,0,48,106,14,41,21,26,15,38,26,6,3,17,25,1,50,94,11,28,25,34,6,41,32,14,9,12,23,0
2020,3,11,MIA,CHO,98,109,0,39,84,15,44,5,6,9,27,32,8,5,14,17,1,37,82,17,34,18,22,15,35,20,7,4,14,9,0
2020,7,30,NOP,UTA,104,106,0,40,94,11,31,13,18,15,30,22,12,2,20,25,1,37,84,8,34,24,28,12,31,17,11,6,20,23,1
2020,7,31,BRK,ORL,118,128,0,44,91,13,42,17,23,10,29,30,4,2,14,25,1,46,87,11,31,25,28,6,36,31,8,3,12,23,1
2020,7,31,POR,MEM,140,135,1,49,91,13,30,29,34,9,33,27,10,9,16,36,0,42,93,13,41,38,50,10,29,25,9,5,13,26,1
2020,7,31,WAS,PHO,112,125,0,42,91,8,22,20,23,8,28,18,7,2,18,26,1,42,80,11,32,30,32,4,33,29,10,3,17,24,1
2020,7,31,MIL,BOS,119,112,1,39,84,13,41,28,34,7,40,25,9,7,15,26,0,37,91,11,37,27,34,14,34,18,8,5,15,28,1
2020,8,1,DEN,MIA,105,125,0,39,89,8,35,19,24,13,25,28,7,2,19,32,1,40,72,13,29,32,37,6,32,29,7,2,15,28,1
2020,8,1,OKC,UTA,110,94,1,41,77,10,26,18,24,11,36,19,9,8,21,21,0,34,87,8,31,18,22,12,23,17,11,4,14,21,1
2020,8,1,LAC,NOP,126,103,1,37,87,25,47,27,35,8,40,23,10,2,10,28,0,38,85,9,30,18,28,9,39,24,4,1,18,23,1
2020,8,1,IND,PHI,127,121,1,48,95,14,34,17,23,10,24,31,8,5,10,25,0,46,93,9,25,20,25,20,35,20,6,5,21,30,1
2020,8,2,BRK,WAS,118,110,1,38,90,11,33,31,37,13,35,23,5,4,11,24,0,40,88,9,31,21,27,10,36,26,6,6,12,31,1
2020,8,2,BOS,POR,128,124,1,42,77,18,30,26,34,6,30,24,9,6,14,21,0,45,90,19,42,15,16,9,26,31,8,5,12,25,1
2020,8,2,MEM,SAS,106,108,0,42,91,7,30,15,18,3,36,27,5,3,12,27,1,36,86,12,29,24,33,12,37,22,5,6,16,20,1
2020,8,2,ORL,SAC,132,116,1,43,82,18,38,28,35,12,34,31,10,4,18,25,0,45,91,8,28,18,22,9,30,30,10,0,14,28,1
2020,8,3,MIA,TOR,103,107,0,37,87,14,45,15,16,8,33,29,9,8,14,24,1,29,67,16,32,33,36,3,36,19,6,3,21,19,1
2020,8,3,WAS,IND,100,111,0,41,94,11,30,7,13,9,36,30,6,7,13,19,1,44,92,7,26,16,16,9,36,20,6,11,10,15,1
2020,8,3,OKC,DEN,113,121,0,37,87,15,36,24,31,8,34,20,4,5,15,32,1,42,87,7,25,30,39,9,37,23,10,3,12,29,1
2020,8,3,NOP,MEM,109,99,1,37,82,11,29,24,39,8,41,25,7,1,14,20,0,37,93,12,43,13,15,8,35,25,3,10,13,32,1
2020,8,4,MIL,BRK,116,119,0,42,88,17,51,15,23,7,47,28,3,5,18,19,1,43,103,21,57,12,16,7,35,30,5,6,7,26,1
2020,8,4,SAC,DAL,110,114,0,43,104,16,43,8,12,8,39,26,8,3,10,37,1,33,90,9,41,39,50,17,44,22,4,2,17,21,1
2020,8,4,LAC,PHO,115,117,0,42,85,8,29,23,27,8,40,21,2,3,10,16,1,45,96,17,32,10,14,11,33,25,5,0,8,21,1
2020,8,4,IND,ORL,120,109,1,46,84,13,33,15,19,2,30,29,10,3,7,17,0,39,82,12,34,19,23,11,32,21,3,2,18,22,1
2020,8,4,MIA,BOS,112,106,1,34,77,15,43,29,39,12,30,22,8,5,12,19,0,37,85,10,33,22,27,14,31,15,7,4,16,26,1
2020,8,5,UTA,MEM,124,115,1,38,84,18,45,30,33,11,35,25,5,4,17,23,0,43,91,11,29,18,25,9,32,21,7,3,14,28,1
2020,8,5,WAS,PHI,98,107,0,36,85,7,21,19,24,9,39,17,8,5,15,26,1,38,82,11,29,20,29,6,35,27,11,4,14,21,1
2020,8,5,SAS,DEN,126,132,0,46,93,11,30,23,27,10,25,29,10,5,7,20,1,50,91,14,36,18,21,14,32,31,6,5,14,21,1
2020,8,5,LAL,OKC,86,105,0,31,88,5,37,19,29,10,36,17,7,3,11,24,1,34,79,5,24,32,36,4,48,17,9,2,13,23,1
2020,8,6,SAC,NOP,140,125,1,50,93,16,33,24,33,13,26,26,11,3,8,20,0,47,82,14,34,17,23,5,25,31,4,3,17,26,1
2020,8,6,MIL,MIA,130,116,1,41,78,15,37,33,38,5,39,27,7,3,14,21,0,35,83,21,46,25,27,6,33,28,6,1,19,28,1
2020,8,6,PHO,IND,114,99,1,43,92,9,34,19,20,12,41,27,6,4,15,20,0,37,85,10,29,15,19,5,33,20,6,5,15,22,1
2020,8,6,DAL,LAC,111,126,0,39,87,17,48,16,21,8,29,24,3,4,7,17,1,50,92,14,31,12,15,9,36,22,3,3,6,21,1
2020,8,7,SAS,UTA,119,111,1,45,89,9,22,20,26,8,39,27,10,5,13,18,0,38,91,16,37,19,24,10,39,25,8,4,15,19,1
2020,8,7,MEM,OKC,121,92,1,46,83,11,31,18,20,12,46,24,6,4,19,19,0,34,97,13,43,11,15,12,24,19,12,2,10,20,1
2020,8,7,BRK,SAC,119,106,1,42,86,17,40,18,28,7,37,30,9,3,9,23,0,38,89,12,40,18,24,13,37,19,3,4,15,26,1
2020,8,7,PHI,ORL,108,101,1,38,93,8,29,24,33,15,36,19,4,4,9,20,0,37,88,8,32,19,25,10,37,17,5,2,9,24,1
2020,8,8,POR,LAC,117,122,0,44,90,17,43,12,17,9,32,24,5,2,11,26,1,42,85,15,34,23,28,9,36,24,5,2,14,22,1
2020,8,8,DEN,UTA,134,132,1,51,108,9,37,23,30,12,40,29,10,5,11,24,0,47,105,22,55,16,22,15,36,34,6,4,22,30,1
2020,8,8,IND,LAL,116,111,1,44,84,15,33,13,14,7,35,25,12,4,20,21,0,42,100,13,39,14,19,15,29,20,13,6,15,16,1
2020,8,8,MIA,PHO,112,119,0,41,84,11,36,19,22,3,34,28,6,9,12,21,1,44,92,12,32,19,20,12,40,27,5,4,11,21,1
2020,8,9,OKC,WAS,121,103,1,43,84,18,39,17,22,8,35,25,7,3,12,18,0,38,92,9,36,18,22,13,31,23,6,3,15,18,1
2020,8,9,TOR,MEM,108,99,1,34,71,15,39,25,33,5,35,25,17,7,25,23,0,37,91,14,42,11,16,10,32,24,14,3,22,27,1
2020,8,9,NOP,SAS,113,122,0,42,96,12,30,17,22,16,32,30,5,5,19,26,1,40,89,11,28,31,32,15,36,22,12,6,17,27,1
2020,8,9,BOS,ORL,122,119,1,45,102,12,40,20,24,13,41,32,9,7,12,19,0,41,102,15,47,22,26,12,40,24,7,4,13,25,1
2020,8,9,POR,PHI,124,121,1,43,91,11,35,27,29,7,34,19,8,6,10,16,0,47,97,14,30,13,17,14,34,24,6,3,15,23,1
2020,8,10,PHO,OKC,128,101,1,42,89,17,34,27,29,12,41,29,11,7,19,23,0,35,90,13,39,18,21,8,32,24,10,2,19,23,1
2020,8,10,UTA,DAL,114,122,0,39,82,21,46,15,20,11,27,28,5,6,12,19,1,48,85,12,24,14,16,4,30,29,6,3,8,23,1
2020,8,10,MIL,TOR,106,114,0,33,84,14,43,26,35,11,38,25,4,6,19,21,1,42,97,12,40,18,26,16,39,24,11,6,13,27,1
2020,8,11,ORL,BRK,96,108,0,32,83,7,23,25,29,12,37,13,9,3,17,24,1,38,89,13,43,19,24,8,39,26,9,4,13,20,1
2020,8,11,SAS,HOU,123,105,1,46,93,13,32,18,20,9,50,28,10,5,22,20,0,36,89,14,48,19,21,4,33,18,14,3,18,19,1
2020,8,11,PHI,PHO,117,130,0,46,93,15,33,10,14,11,23,28,5,4,8,20,1,49,89,12,28,20,21,11,33,28,4,3,7,18,1
2020,8,11,MEM,BOS,107,122,0,35,89,7,29,30,38,14,30,26,8,4,8,15,1,44,86,16,37,18,23,10,36,29,7,7,12,27,1
2020,8,11,DAL,POR,131,134,0,42,81,20,44,27,33,5,32,28,4,5,17,23,1,46,98,15,38,27,29,12,36,18,9,3,8,31,1
2020,8,12,HOU,IND,104,108,0,32,86,16,57,24,28,6,43,20,8,6,20,20,1,40,100,11,31,17,22,12,42,25,15,7,14,25,1
2020,8,12,PHI,TOR,121,125,0,39,84,17,40,26,33,9,38,27,9,10,17,29,1,40,90,18,43,27,40,11,36,28,8,7,12,23,1
2020,8,13,BOS,WAS,90,96,0,35,88,8,35,12,14,13,38,22,8,7,18,19,1,34,88,10,26,18,24,18,38,22,11,6,18,19,1
2020,8,13,LAL,SAC,122,136,0,48,98,15,35,11,15,15,32,29,6,1,17,18,1,54,95,21,47,7,12,9,35,37,12,2,14,15,1
2020,8,13,PHO,DAL,128,102,1,49,89,14,34,16,21,7,38,34,6,4,5,14,0,39,89,8,26,16,19,11,32,17,3,4,11,18,1
2020,8,13,MEM,MIL,119,106,1,45,90,13,33,16,23,9,46,36,4,3,18,18,0,39,98,13,41,15,23,9,36,27,8,3,15,22,1
2020,8,13,UTA,SAS,118,112,1,47,101,15,46,9,10,12,31,25,7,5,8,23,0,39,79,10,20,24,36,9,35,24,4,8,15,20,1
2020,8,14,TOR,DEN,117,109,1,45,90,18,35,9,14,13,38,27,8,5,19,24,0,36,87,16,38,21,23,9,32,27,9,11,15,15,1
2020,8,14,IND,MIA,109,92,1,43,89,15,38,8,11,12,39,32,11,3,19,27,0,31,87,10,38,20,27,14,34,14,6,5,19,15,1
2020,8,14,LAC,OKC,107,103,1,34,85,12,37,27,39,12,49,23,10,2,20,22,0,38,106,14,44,13,22,11,37,18,5,6,16,29,1
2020,8,15,POR,MEM,126,122,1,38,84,15,40,35,41,9,30,20,12,7,13,19,0,45,92,14,25,18,22,12,37,30,5,6,18,25,1
2020,8,17,DEN,UTA,135,125,1,49,95,22,41,15,18,8,33,23,10,6,11,22,0,46,97,16,47,17,23,16,36,18,6,4,15,22,1
2020,8,17,TOR,BRK,134,110,1,40,85,22,44,32,33,9,38,26,4,6,11,22,0,43,92,13,42,11,16,9,36,33,4,2,14,29,1
2020,8,17,BOS,PHI,109,101,1,38,90,10,31,23,26,16,27,22,12,4,7,21,0,37,80,9,27,18,23,15,35,23,5,3,18,24,1
2020,8,18,MIL,ORL,110,122,0,39,90,14,42,18,28,11,36,28,6,3,16,19,1,44,89,16,41,18,19,4,44,29,6,2,15,26,1
2020,8,18,IND,MIA,101,113,0,36,76,10,24,19,22,7,30,22,7,4,13,23,1,40,81,13,35,20,25,6,29,22,8,7,9,17,1
2020,8,18,HOU,OKC,123,108,1,43,89,20,52,17,19,4,32,25,4,1,7,26,0,37,84,13,35,21,25,7,39,22,2,3,12,20,1
2020,8,19,TOR,BRK,104,99,1,38,87,9,35,19,28,8,36,22,7,6,8,21,0,33,85,14,41,19,27,7,39,25,3,6,17,25,1
2020,8,19,DEN,UTA,105,124,0,37,81,13,27,18,23,13,28,22,1,4,10,19,1,45,87,20,44,14,17,11,25,32,5,7,6,18,1
2020,8,19,BOS,PHI,128,101,1,44,86,19,43,21,29,10,33,20,4,5,6,28,0,33,79,5,21,30,37,6,32,21,2,3,9,21,1
2020,8,20,IND,MIA,100,109,0,36,81,12,34,16,20,4,34,25,12,7,16,23,1,36,76,18,35,19,28,7,34,27,9,4,16,15,1
2020,8,20,HOU,OKC,111,98,1,38,91,19,56,16,18,11,30,21,8,3,7,19,0,35,79,11,32,17,19,8,40,15,2,4,13,19,1
2020,8,20,MIL,ORL,111,96,1,42,89,15,41,12,16,11,46,26,5,4,20,26,0,31,89,7,33,27,31,10,32,18,9,5,11,18,1
2020,8,21,BRK,TOR,92,117,0,30,90,16,51,16,22,9,33,24,8,4,13,14,1,46,91,18,38,7,11,8,48,35,8,4,14,21,1
2020,8,21,UTA,DEN,124,87,1,43,84,18,37,20,26,13,37,27,9,2,10,20,0,33,88,12,38,9,11,16,29,20,2,5,17,24,1
2020,8,21,PHI,BOS,94,102,0,28,95,9,39,29,34,20,37,14,6,7,12,19,1,36,87,8,31,22,24,3,42,15,7,8,10,23,1
2020,8,22,ORL,MIL,107,121,0,38,84,19,39,12,14,6,29,24,9,1,18,15,1,46,82,17,37,12,17,3,40,27,12,3,18,20,1
2020,8,22,MIA,IND,124,115,1,34,75,13,33,43,52,7,39,23,10,2,16,19,0,41,84,12,33,21,28,7,30,23,10,5,14,31,1
2020,8,22,OKC,HOU,119,107,1,41,92,14,41,23,34,7,47,20,8,6,15,21,0,38,92,15,50,16,23,4,42,14,9,6,16,27,1
2020,8,23,PHI,BOS,106,110,0,35,82,9,34,27,34,8,31,12,7,5,8,25,1,38,82,12,35,22,29,10,32,19,4,5,14,25,1
2020,8,23,DAL,LAC,135,133,1,52,104,13,36,18,24,11,43,20,7,5,11,24,0,45,97,14,38,29,32,8,33,19,7,5,9,23,1
2020,8,23,BRK,TOR,122,150,0,39,98,19,50,25,33,12,32,21,5,6,14,17,1,56,101,22,47,16,22,12,45,39,9,6,10,26,1
2020,8,24,ORL,MIL,106,121,0,36,87,18,45,16,20,5,38,26,7,6,16,23,1,45,91,17,41,14,21,8,41,29,7,5,12,19,1
2020,8,24,OKC,HOU,117,114,1,42,86,11,32,22,28,9,37,16,6,0,14,16,0,41,91,23,58,9,10,8,32,25,7,2,14,23,1
2020,8,24,MIA,IND,99,87,1,40,91,8,30,11,14,17,43,24,8,4,13,12,0,33,80,14,37,7,11,5,29,20,8,6,15,16,1
2020,8,25,DEN,UTA,117,107,1,43,85,16,35,15,16,5,33,22,4,5,9,18,0,39,78,16,34,13,16,4,31,23,7,3,15,20,1
2020,8,29,MIL,ORL,118,104,1,40,88,16,45,22,27,7,49,27,5,4,14,19,0,37,94,15,41,15,21,8,39,22,3,2,11,23,1
2020,8,29,HOU,OKC,114,80,1,43,100,19,48,9,14,10,45,28,12,3,11,23,0,29,92,7,46,15,23,15,43,11,3,8,18,12,1
2020,8,30,TOR,BOS,94,112,0,31,84,10,40,22,29,7,33,22,10,2,14,24,1,39,83,17,39,17,21,5,45,25,8,4,22,22,1
2020,8,30,DAL,LAC,97,111,0,38,90,11,37,10,17,8,34,20,5,3,12,15,1,44,91,11,29,12,13,8,44,22,8,2,13,21,1
2020,8,31,MIL,MIA,104,115,0,37,75,16,35,14,26,7,27,22,6,7,19,24,1,39,84,12,31,25,27,12,34,21,8,2,16,23,1
2020,9,1,TOR,BOS,99,102,0,36,90,11,40,16,19,7,34,25,10,7,12,19,1,32,76,15,38,23,25,4,40,18,6,9,17,20,1
2020,9,2,MIL,MIA,114,116,0,37,85,7,25,33,39,17,33,16,6,2,14,25,1,37,81,17,45,25,32,7,31,22,12,4,10,26,1
2020,9,3,BOS,TOR,103,104,0,39,83,9,29,16,21,7,37,21,6,7,14,16,1,41,88,13,40,9,16,6,33,23,7,5,13,20,1
2020,9,4,MIA,MIL,115,100,1,35,78,18,47,27,34,9,40,27,3,6,11,19,0,37,88,11,37,15,21,8,36,23,8,5,10,22,1
2020,9,5,BOS,TOR,93,100,0,33,75,7,35,20,27,6,39,18,6,2,14,20,1,34,86,17,44,15,19,8,33,23,4,5,12,21,1
2020,9,6,MIA,MIL,115,118,0,40,90,17,47,18,20,6,35,33,8,1,15,18,1,45,92,11,35,17,22,9,37,25,10,4,12,20,1
2020,9,7,TOR,BOS,89,111,0,33,85,12,40,11,13,10,26,19,8,5,13,24,1,38,77,11,34,24,27,4,41,23,5,6,11,19,1
2020,9,8,MIL,MIA,94,103,0,33,91,9,33,19,26,13,28,20,7,5,11,23,1,35,73,11,31,22,24,5,43,21,6,7,21,21,1
2020,9,9,BOS,TOR,122,125,0,44,100,19,46,15,18,14,44,32,5,4,15,25,1,44,101,19,47,18,25,8,38,22,10,8,12,26,1
2020,9,10,HOU,LAL,100,110,0,28,65,14,33,30,39,1,25,24,10,6,16,21,1,43,88,9,30,15,16,12,40,30,9,4,16,27,1
2020,9,11,LAC,DEN,105,111,0,37,88,16,42,15,17,10,31,22,6,5,9,22,1,39,81,12,27,21,25,6,38,20,7,5,11,22,1
2020,9,13,DEN,LAC,111,98,1,40,74,12,25,19,27,6,35,26,8,3,14,18,0,32,78,10,27,24,27,9,28,20,10,4,13,22,1
2020,9,15,BOS,MIA,114,117,0,39,88,15,42,21,23,6,31,24,9,6,10,25,1,40,85,16,36,21,28,7,34,32,6,6,12,23,1
2020,9,17,BOS,MIA,101,106,0,36,72,10,28,19,24,6,35,19,5,3,20,22,1,40,90,14,43,12,14,11,27,27,11,2,9,19,1
2020,9,20,LAL,DEN,105,103,1,37,83,13,36,18,19,13,31,23,9,7,23,30,0,35,74,8,24,25,33,7,24,22,12,4,19,22,1
2020,9,27,MIA,BOS,125,113,1,45,80,13,27,22,26,2,38,30,6,2,12,13,0,43,99,15,46,12,15,13,29,26,7,2,10,21,1
